amps,cell,dur,expt,freqs,rep,spikes
40,1,25,tuning_curve,4000,1,1.56666666663341
40,1,25,tuning_curve,5656.85,1,21.6333333333409
40,1,25,tuning_curve,11313.7,1,26.8666666666491
40,1,25,tuning_curve,11313.7,1,36.3666666666518
40,1,25,tuning_curve,22627.4,1,16.6666666667084
55,1,25,tuning_curve,1000,1,1.43333333329565
55,1,25,tuning_curve,1414.21,1,21.3333333333026
55,1,25,tuning_curve,1414.21,1,29.0999999999144
55,1,25,tuning_curve,22627.4,1,22.3000000000297
70,1,25,tuning_curve,-1,1,9.76666666667825
70,1,25,tuning_curve,5656.85,1,23.8000000000511
70,1,25,tuning_curve,11313.7,1,19.4666666665739
40,1,25,tuning_curve,1414.21,2,28.5666666666771
40,1,25,tuning_curve,2828.43,2,-4.46666666670126
40,1,25,tuning_curve,4000,2,17.2666666666714
40,1,25,tuning_curve,4000,2,37.1333333333155
40,1,25,tuning_curve,5656.85,2,-6.56666666662886
40,1,25,tuning_curve,16000,2,9.63333333334049
55,1,25,tuning_curve,-1,2,22.4999999999795
55,1,25,tuning_curve,-1,2,26.8333333332862
55,1,25,tuning_curve,1000,2,1.43333333329565
55,1,25,tuning_curve,1000,2,8.23333333329401
55,1,25,tuning_curve,5656.85,2,35.4000000000383
55,1,25,tuning_curve,64000,2,9.73333333325854
70,1,25,tuning_curve,1414.21,2,-1.0000000000332
70,1,25,tuning_curve,4000,2,-7.83333333333758
70,1,25,tuning_curve,22627.4,2,-9.73333333337223
40,1,25,tuning_curve,2000,3,-10.6666666666229
40,1,25,tuning_curve,5656.85,3,32.066666666708
40,1,25,tuning_curve,5656.85,3,33.1000000000472
55,1,25,tuning_curve,-1,3,10.8666666666863
55,1,25,tuning_curve,8000,3,3.43333333336204
55,1,25,tuning_curve,16000,3,-9.73333333337223
55,1,25,tuning_curve,16000,3,-5.96666666666579
55,1,25,tuning_curve,32000,3,-10.1999999999975
55,1,25,tuning_curve,45254.8,3,9.29999999999609
70,1,25,tuning_curve,1000,3,-7.93333333336932
70,1,25,tuning_curve,45254.8,3,22.4666666667304
40,1,25,tuning_curve,1414.21,4,15.8666666665681
40,1,25,tuning_curve,2000,4,27.033333333236
40,1,25,tuning_curve,8000,4,-10.2333333333604
40,1,25,tuning_curve,16000,4,-1.56666666663341
40,1,25,tuning_curve,16000,4,16.7333333333204
40,1,25,tuning_curve,22627.4,4,8.89999999998281
40,1,25,tuning_curve,32000,4,-3.63333333331184
55,1,25,tuning_curve,1414.21,4,5.26666666672782
55,1,25,tuning_curve,2828.43,4,26.0333333333733
55,1,25,tuning_curve,8000,4,10.7666666665978
55,1,25,tuning_curve,22627.4,4,12.5666666667144
70,1,25,tuning_curve,1414.21,4,10.1999999999975
70,1,25,tuning_curve,1414.21,4,27.5333333333379
70,1,25,tuning_curve,2828.43,4,-10.1000000000226
70,1,25,tuning_curve,5656.85,4,-2.80000000003611
70,1,25,tuning_curve,5656.85,4,3.0999999999608
70,1,25,tuning_curve,16000,4,4.23333333327491
40,1,25,tuning_curve,1000,5,-10.0000000000477
40,1,25,tuning_curve,4000,5,9.76666666673509
40,1,25,tuning_curve,16000,5,37.0333333333406
40,1,25,tuning_curve,45254.8,5,-11.5999999999872
55,1,25,tuning_curve,-1,5,19.4666666666876
55,1,25,tuning_curve,-1,5,30.1000000000045
55,1,25,tuning_curve,-1,5,33.0333333333215
55,1,25,tuning_curve,1000,5,15.4333333333057
55,1,25,tuning_curve,5656.85,5,10.1999999999975
55,1,25,tuning_curve,5656.85,5,28.6000000000399
55,1,25,tuning_curve,8000,5,37.2666666666532
55,1,25,tuning_curve,11313.7,5,1.93333333339751
55,1,25,tuning_curve,16000,5,7.56666666660522
55,1,25,tuning_curve,16000,5,37.1333333333155
55,1,25,tuning_curve,64000,5,-7.6666666666938
70,1,25,tuning_curve,-1,5,30.2333333333422
70,1,25,tuning_curve,4000,5,-0.866666666695437
70,1,25,tuning_curve,45254.8,5,3.53333333333694
40,1,25,tuning_curve,1000,6,0.833333333332575
40,1,25,tuning_curve,2828.43,6,14.5333333331905
40,1,25,tuning_curve,16000,6,34.7666666665987
40,1,25,tuning_curve,64000,6,35.2000000000885
55,1,25,tuning_curve,4000,6,-7.39999999990459
55,1,25,tuning_curve,4000,6,16.3333333334208
55,1,25,tuning_curve,32000,6,5.83333333344171
55,1,25,tuning_curve,64000,6,-9.79999999998427
70,1,25,tuning_curve,1000,6,9.03333333320688
70,1,25,tuning_curve,2828.43,6,-12.2666666665623
70,1,25,tuning_curve,5656.85,6,11.4333333334002
70,1,25,tuning_curve,8000,6,32.7000000000339
70,1,25,tuning_curve,16000,6,19.8666666668146
70,1,25,tuning_curve,32000,6,9.23333333338405
70,1,25,tuning_curve,45254.8,6,17.5999999998453
40,1,25,tuning_curve,2828.43,7,7.03333333336786
40,1,25,tuning_curve,2828.43,7,11.099999999999
40,1,25,tuning_curve,4000,7,-11.6999999998484
40,1,25,tuning_curve,11313.7,7,12.0000000001141
40,1,25,tuning_curve,64000,7,22.4666666667304
55,1,25,tuning_curve,4000,7,10.0000000000477
55,1,25,tuning_curve,11313.7,7,15.3666666666936
55,1,25,tuning_curve,11313.7,7,29.7666666667169
55,1,25,tuning_curve,32000,7,8.76666666664505
55,1,25,tuning_curve,45254.8,7,15.7999999999561
55,1,25,tuning_curve,64000,7,-8.43333333347118
55,1,25,tuning_curve,64000,7,1.29999999995789
70,1,25,tuning_curve,16000,7,6.13333333325272
70,1,25,tuning_curve,16000,7,32.2666666666578
70,1,25,tuning_curve,22627.4,7,-3.99999999996226
70,1,25,tuning_curve,22627.4,7,13.0666666667025
70,1,25,tuning_curve,22627.4,7,24.5000000000459
70,1,25,tuning_curve,32000,7,-5.66666666674109
70,1,25,tuning_curve,32000,7,-3.20000000004939
40,1,25,tuning_curve,-1,8,-8.16666666656829
40,1,25,tuning_curve,11313.7,8,-3.96666666659939
40,1,25,tuning_curve,11313.7,8,30.6333333334692
40,1,25,tuning_curve,32000,8,-10.0333333334106
55,1,25,tuning_curve,16000,8,17.8999999999974
55,1,25,tuning_curve,16000,8,33.9333333333229
55,1,25,tuning_curve,32000,8,-8.06666666659339
55,1,25,tuning_curve,45254.8,8,32.9333333334603
70,1,25,tuning_curve,11313.7,8,28.4333333333393
40,1,25,tuning_curve,1414.21,9,2.66666666681203
40,1,25,tuning_curve,2828.43,9,-3.73333333340042
55,1,25,tuning_curve,8000,9,20.599999999888
55,1,25,tuning_curve,32000,9,24.3666666667082
70,1,25,tuning_curve,-1,9,36.8333333333908
70,1,25,tuning_curve,1000,9,9.13333333340915
70,1,25,tuning_curve,1000,9,36.700000000053
70,1,25,tuning_curve,5656.85,9,21.2333333333277
70,1,25,tuning_curve,11313.7,9,36.3333333332889
70,1,25,tuning_curve,32000,9,-7.466666666744
40,1,25,tuning_curve,2000,10,21.3333333333026
55,1,25,tuning_curve,-1,10,17.9666666667231
70,1,25,tuning_curve,8000,10,0.799999999856027
70,1,25,tuning_curve,11313.7,10,31.4666666666312
40,1,25,tuning_curve,16000,11,14.5666666666671
40,1,25,tuning_curve,32000,11,6.43333333340479
55,1,25,tuning_curve,-1,11,34.0000000000487
55,1,25,tuning_curve,1000,11,-5.09999999991351
70,1,25,tuning_curve,1414.21,11,30.0666666666416
70,1,25,tuning_curve,16000,11,13.7666666666405
70,1,25,tuning_curve,22627.4,11,22.5666666667053
40,1,25,tuning_curve,-1,12,-7.49999999999318
40,1,25,tuning_curve,16000,12,19.766666666726
55,1,25,tuning_curve,5656.85,12,35.7666666666887
40,1,25,tuning_curve,22627.4,13,21.0000000000719
55,1,25,tuning_curve,4000,13,17.9333333332465
55,1,25,tuning_curve,8000,13,34.1333333332159
55,1,25,tuning_curve,16000,13,33.3999999998582
70,1,25,tuning_curve,64000,13,9.56666666672845
70,1,25,tuning_curve,64000,13,14.1999999999598
40,1,25,tuning_curve,1000,14,-8.96666666665169
40,1,25,tuning_curve,64000,14,14.533333333361
55,1,25,tuning_curve,11313.7,14,35.0999999999431
55,1,25,tuning_curve,16000,14,32.4333333331879
55,1,25,tuning_curve,16000,14,34.3999999998914
70,1,25,tuning_curve,5656.85,14,-0.533333333464725
70,1,25,tuning_curve,11313.7,14,29.1666666666401
40,1,25,tuning_curve,2828.43,15,32.5333333333901
40,1,25,tuning_curve,64000,15,-5.09999999997035
40,1,25,tuning_curve,64000,15,2.7666666666164
55,1,25,tuning_curve,1000,15,33.6666666665906
70,1,25,tuning_curve,5656.85,15,9.59999999997763
70,1,25,tuning_curve,16000,15,27.2333333333563
70,1,25,tuning_curve,45254.8,15,30.0000000000864
40,1,25,tuning_curve,-1,16,12.6000000001341
40,1,25,tuning_curve,1000,16,10.900000000106
40,1,25,tuning_curve,16000,16,30.6333333334123
40,1,25,tuning_curve,32000,16,-12.3333333332312
55,1,25,tuning_curve,-1,16,30.4333333334625
55,1,25,tuning_curve,1414.21,16,21.2000000000216
55,1,25,tuning_curve,2000,16,-5.30000000014752
55,1,25,tuning_curve,5656.85,16,1.23333333328901
55,1,25,tuning_curve,8000,16,27.0333333334065
70,1,25,tuning_curve,-1,16,24.6333333335542
70,1,25,tuning_curve,-1,16,33.1000000002177
70,1,25,tuning_curve,2828.43,16,18.9333333333934
70,1,25,tuning_curve,4000,16,-2.63333333339233
70,1,25,tuning_curve,11313.7,16,24.0333333334775
70,1,25,tuning_curve,45254.8,16,9.50000000000273
40,1,25,tuning_curve,-1,17,33.3666666666659
40,1,25,tuning_curve,2828.43,17,29.2666666667856
40,1,25,tuning_curve,11313.7,17,-6.60000000004857
40,1,25,tuning_curve,22627.4,17,-11.533333333432
55,1,25,tuning_curve,64000,17,18.3666666665658
70,1,25,tuning_curve,5656.85,17,13.3333333334349
70,1,25,tuning_curve,45254.8,17,10.4000000000042
70,1,25,tuning_curve,45254.8,17,14.9666666667372
40,1,25,tuning_curve,5656.85,18,26.0333333334302
55,1,25,tuning_curve,2828.43,18,-8.73333333322535
55,1,25,tuning_curve,45254.8,18,28.1999999998561
55,1,25,tuning_curve,64000,18,9.83333333340397
70,1,25,tuning_curve,1000,18,-3.53333333316641
70,1,25,tuning_curve,1414.21,18,6.70000000025084
40,1,25,tuning_curve,5656.85,19,7.56666666677575
40,1,25,tuning_curve,5656.85,19,34.8000000002457
70,1,25,tuning_curve,-1,19,30.6000000001632
70,1,25,tuning_curve,16000,19,35.4999999998427
70,1,25,tuning_curve,64000,19,30.5333333332101
55,1,25,tuning_curve,2828.43,20,17.8999999999405
55,1,25,tuning_curve,2828.43,20,23.5333333333756
55,1,25,tuning_curve,22627.4,20,23.5333333333756
70,1,25,tuning_curve,1414.21,20,-8.50000000002638
70,1,25,tuning_curve,1414.21,20,-4.099999999994
70,1,25,tuning_curve,32000,20,24.4666666668536
40,1,25,tuning_curve,45254.8,21,10.5333333334556
55,1,25,tuning_curve,-1,21,32.8666666667914
55,1,25,tuning_curve,1414.21,21,20.0333333333447
55,1,25,tuning_curve,45254.8,21,4.23333333344544
70,1,25,tuning_curve,-1,21,25.8999999999787
70,1,25,tuning_curve,-1,21,27.2666666666055
70,1,25,tuning_curve,2000,21,4.53333333337014
70,1,25,tuning_curve,5656.85,21,3.00000000004275
40,1,25,tuning_curve,2828.43,22,-7.89999999994961
40,1,25,tuning_curve,2828.43,22,14.3999999999096
40,1,25,tuning_curve,5656.85,22,29.2666666665582
40,1,25,tuning_curve,45254.8,22,5.40000000012242
55,1,25,tuning_curve,1000,22,33.8333333332912
55,1,25,tuning_curve,4000,22,5.59999999984484
55,1,25,tuning_curve,4000,22,34.4999999998663
70,1,25,tuning_curve,-1,22,35.3333333333694
70,1,25,tuning_curve,16000,22,5.63333333332139
70,1,25,tuning_curve,16000,22,19.0333333333683
70,1,25,tuning_curve,45254.8,22,36.133333333396
70,1,25,tuning_curve,64000,22,-4.66666666659421
40,1,25,tuning_curve,1000,23,34.3333333333931
40,1,25,tuning_curve,1414.21,23,22.4666666666735
40,1,25,tuning_curve,16000,23,22.2999999999729
40,1,25,tuning_curve,32000,23,-11.766666666631
40,1,25,tuning_curve,32000,23,-7.69999999977244
40,1,25,tuning_curve,32000,23,-0.399999999785905
40,1,25,tuning_curve,64000,23,26.3999999998532
55,1,25,tuning_curve,8000,23,-0.5666666667139
55,1,25,tuning_curve,8000,23,23.0999999999995
55,1,25,tuning_curve,45254.8,23,-6.60000000004857
55,1,25,tuning_curve,45254.8,23,-0.166666666586934
70,1,25,tuning_curve,1000,23,-7.46666666657347
70,1,25,tuning_curve,1000,23,27.4333333333061
70,1,25,tuning_curve,8000,23,31.2666666667383
70,1,25,tuning_curve,11313.7,23,13.6000000001104
40,1,25,tuning_curve,1414.21,24,11.9666666668081
40,1,25,tuning_curve,8000,24,30.5666666666866
40,1,25,tuning_curve,64000,24,7.10000000015043
55,1,25,tuning_curve,1414.21,24,2.96666666679357
55,1,25,tuning_curve,32000,24,22.7333333335764
70,1,25,tuning_curve,2828.43,24,-11.6999999999052
70,1,25,tuning_curve,4000,24,32.7000000000908
70,1,25,tuning_curve,5656.85,24,17.9666666666662
40,1,25,tuning_curve,2828.43,25,11.7000000001326
40,1,25,tuning_curve,16000,25,4.80000000004566
55,1,25,tuning_curve,-1,25,13.4000000001606
55,1,25,tuning_curve,1414.21,25,11.3000000000056
55,1,25,tuning_curve,5656.85,25,29.0666666666084
70,1,25,tuning_curve,1000,25,14.7666666667874
70,1,25,tuning_curve,2828.43,25,-8.43333333330065
70,1,25,tuning_curve,4000,25,24.0666666667266
70,1,25,tuning_curve,32000,25,-8.3999999998241
40,7,25,tuning_curve,-1,1,33.3000000000538
40,7,25,tuning_curve,-1,1,143.500000000017
40,7,25,tuning_curve,1000,1,45.1333333333537
40,7,25,tuning_curve,1414.21,1,15.8000000000698
40,7,25,tuning_curve,1414.21,1,94.6666666666829
40,7,25,tuning_curve,2000,1,71.6666666666015
40,7,25,tuning_curve,2000,1,111.499999999978
40,7,25,tuning_curve,2828.43,1,57.4666666665848
40,7,25,tuning_curve,2828.43,1,116.866666666567
40,7,25,tuning_curve,4000,1,92.4666666666667
40,7,25,tuning_curve,4000,1,145.033333333288
40,7,25,tuning_curve,5656.85,1,25.1999999999839
40,7,25,tuning_curve,5656.85,1,127.900000000011
40,7,25,tuning_curve,8000,1,118.666666666627
40,7,25,tuning_curve,11313.7,1,-7.73333333336268
40,7,25,tuning_curve,11313.7,1,67.2333333333199
40,7,25,tuning_curve,11313.7,1,125.833333333333
40,7,25,tuning_curve,16000,1,2.13333333329047
40,7,25,tuning_curve,16000,1,126.566666666633
40,7,25,tuning_curve,22627.4,1,-16.6333333332886
40,7,25,tuning_curve,32000,1,-35.4666666666503
40,7,25,tuning_curve,32000,1,78.3666666666818
40,7,25,tuning_curve,45254.8,1,130.666666666741
40,7,25,tuning_curve,64000,1,18.9666666666994
40,7,25,tuning_curve,64000,1,39.6666666666761
40,7,25,tuning_curve,64000,1,142.499999999984
55,7,25,tuning_curve,-1,1,54.8999999999182
55,7,25,tuning_curve,-1,1,55.4999999998813
55,7,25,tuning_curve,-1,1,56.6999999999211
55,7,25,tuning_curve,-1,1,98.1333333332373
55,7,25,tuning_curve,-1,1,146.866666666654
55,7,25,tuning_curve,1000,1,59.3333333333135
55,7,25,tuning_curve,1414.21,1,23.466666666593
55,7,25,tuning_curve,2000,1,-22.8333333333808
55,7,25,tuning_curve,2000,1,79.5333333332451
55,7,25,tuning_curve,2828.43,1,8.93333333334567
55,7,25,tuning_curve,2828.43,1,14.5999999999731
55,7,25,tuning_curve,2828.43,1,64.7666666666851
55,7,25,tuning_curve,2828.43,1,134.733333333315
55,7,25,tuning_curve,4000,1,-36.2666666666769
55,7,25,tuning_curve,4000,1,130.466666666678
55,7,25,tuning_curve,5656.85,1,85.8333333332553
55,7,25,tuning_curve,5656.85,1,134.599999999921
55,7,25,tuning_curve,8000,1,33.299999999997
55,7,25,tuning_curve,11313.7,1,5.46666666667761
55,7,25,tuning_curve,11313.7,1,102.766666666696
55,7,25,tuning_curve,16000,1,109.333333333382
55,7,25,tuning_curve,22627.4,1,9.33333333335895
55,7,25,tuning_curve,22627.4,1,112.56666666668
55,7,25,tuning_curve,22627.4,1,145.266666666714
55,7,25,tuning_curve,32000,1,-20.0333333334015
55,7,25,tuning_curve,32000,1,117.8666666666
55,7,25,tuning_curve,45254.8,1,-10.9666666667181
55,7,25,tuning_curve,64000,1,44.466666666608
55,7,25,tuning_curve,64000,1,70.5666666665934
55,7,25,tuning_curve,64000,1,107.533333333265
70,7,25,tuning_curve,-1,1,50.2333333333809
70,7,25,tuning_curve,-1,1,146.600000000035
70,7,25,tuning_curve,1414.21,1,114.733333333334
70,7,25,tuning_curve,2000,1,0.799999999969714
70,7,25,tuning_curve,2000,1,29.5999999999594
70,7,25,tuning_curve,2828.43,1,-2.96666666673673
70,7,25,tuning_curve,4000,1,-43.6999999999443
70,7,25,tuning_curve,5656.85,1,57.1000000000481
70,7,25,tuning_curve,5656.85,1,88.9666666666926
70,7,25,tuning_curve,8000,1,18.9666666666994
70,7,25,tuning_curve,11313.7,1,80.8333333332598
70,7,25,tuning_curve,16000,1,5.29999999997699
70,7,25,tuning_curve,16000,1,147.30000000003
70,7,25,tuning_curve,22627.4,1,2.83333333328528
70,7,25,tuning_curve,22627.4,1,133.366666666632
70,7,25,tuning_curve,32000,1,85.3999999999928
70,7,25,tuning_curve,45254.8,1,-36.166666666702
70,7,25,tuning_curve,45254.8,1,91.4333333332706
70,7,25,tuning_curve,45254.8,1,143.466666666654
40,7,25,tuning_curve,-1,2,27.9999999999632
40,7,25,tuning_curve,1000,2,-42.3333333333176
40,7,25,tuning_curve,1000,2,81.5000000000055
40,7,25,tuning_curve,1000,2,90.2333333333445
40,7,25,tuning_curve,1414.21,2,83.4666666666521
40,7,25,tuning_curve,2000,2,61.8333333332544
40,7,25,tuning_curve,4000,2,111.533333333284
40,7,25,tuning_curve,5656.85,2,-10.5333333332851
40,7,25,tuning_curve,5656.85,2,83.8000000000534
40,7,25,tuning_curve,8000,2,79.5666666666648
40,7,25,tuning_curve,16000,2,2.36666666671681
40,7,25,tuning_curve,22627.4,2,123.433333333367
40,7,25,tuning_curve,32000,2,16.9999999999959
40,7,25,tuning_curve,32000,2,71.9666666666967
40,7,25,tuning_curve,45254.8,2,116.69999999998
40,7,25,tuning_curve,64000,2,-6.80000000005521
40,7,25,tuning_curve,64000,2,29.6666666666283
40,7,25,tuning_curve,64000,2,121.966666666651
55,7,25,tuning_curve,-1,2,1.76666666658321
55,7,25,tuning_curve,-1,2,16.8333333332953
55,7,25,tuning_curve,-1,2,67.9333333333147
55,7,25,tuning_curve,1000,2,-43.0666666666752
55,7,25,tuning_curve,1000,2,23.5333333333188
55,7,25,tuning_curve,1000,2,110.633333333283
55,7,25,tuning_curve,1414.21,2,-33.2000000000221
55,7,25,tuning_curve,1414.21,2,32.766666666646
55,7,25,tuning_curve,2000,2,47.0666666666943
55,7,25,tuning_curve,2000,2,78.3666666666818
55,7,25,tuning_curve,2828.43,2,6.19999999997844
55,7,25,tuning_curve,2828.43,2,123.43333333331
55,7,25,tuning_curve,4000,2,31.8000000000325
55,7,25,tuning_curve,5656.85,2,38.4333333333302
55,7,25,tuning_curve,5656.85,2,104.366666666635
55,7,25,tuning_curve,8000,2,-13.9000000000919
55,7,25,tuning_curve,8000,2,81.2333333332731
55,7,25,tuning_curve,11313.7,2,28.0666666665752
55,7,25,tuning_curve,16000,2,-16.2666666665814
55,7,25,tuning_curve,16000,2,134.299999999996
55,7,25,tuning_curve,22627.4,2,15.0333333332924
55,7,25,tuning_curve,22627.4,2,144.100000000037
55,7,25,tuning_curve,32000,2,71.6666666666583
55,7,25,tuning_curve,32000,2,146.29999999994
55,7,25,tuning_curve,64000,2,4.46666666658757
55,7,25,tuning_curve,64000,2,120.099999999923
55,7,25,tuning_curve,64000,2,131.399999999928
70,7,25,tuning_curve,-1,2,23.5999999999876
70,7,25,tuning_curve,-1,2,38.3666666666045
70,7,25,tuning_curve,-1,2,119.999999999948
70,7,25,tuning_curve,1000,2,7.23333333331766
70,7,25,tuning_curve,1000,2,85.7333333332804
70,7,25,tuning_curve,1414.21,2,12.6666666666893
70,7,25,tuning_curve,1414.21,2,122.99999999999
70,7,25,tuning_curve,2000,2,-25.9000000000356
70,7,25,tuning_curve,2828.43,2,100.266666666755
70,7,25,tuning_curve,4000,2,19.0333333333683
70,7,25,tuning_curve,5656.85,2,-1.03333333339606
70,7,25,tuning_curve,5656.85,2,137.299999999925
70,7,25,tuning_curve,8000,2,-21.7000000000098
70,7,25,tuning_curve,8000,2,82.6999999999884
70,7,25,tuning_curve,16000,2,-4.30000000000064
70,7,25,tuning_curve,16000,2,109.599999999944
70,7,25,tuning_curve,16000,2,125.233333333256
70,7,25,tuning_curve,32000,2,100.399999999979
70,7,25,tuning_curve,64000,2,117.466666666644
70,7,25,tuning_curve,64000,2,127.799999999922
40,7,25,tuning_curve,-1,3,-22.4333333333675
40,7,25,tuning_curve,-1,3,-21.4000000000283
40,7,25,tuning_curve,-1,3,114.76666666664
40,7,25,tuning_curve,1000,3,47.7999999999952
40,7,25,tuning_curve,1414.21,3,-2.16666666671017
40,7,25,tuning_curve,1414.21,3,87.9666666666594
40,7,25,tuning_curve,2000,3,-36.2666666666769
40,7,25,tuning_curve,2000,3,145.800000000065
40,7,25,tuning_curve,2828.43,3,-38.099999999929
40,7,25,tuning_curve,2828.43,3,70.6333333333191
40,7,25,tuning_curve,4000,3,2.36666666665997
40,7,25,tuning_curve,4000,3,84.6999999999412
40,7,25,tuning_curve,4000,3,145.933333333289
40,7,25,tuning_curve,5656.85,3,-47.1000000000572
40,7,25,tuning_curve,5656.85,3,71.6666666666583
40,7,25,tuning_curve,8000,3,-36.7666666666651
40,7,25,tuning_curve,8000,3,108.900000000006
40,7,25,tuning_curve,11313.7,3,-37.2000000000412
40,7,25,tuning_curve,45254.8,3,98.9666666667404
40,7,25,tuning_curve,64000,3,-44.7666666667033
55,7,25,tuning_curve,-1,3,14.6333333333928
55,7,25,tuning_curve,-1,3,114.300000000014
55,7,25,tuning_curve,2000,3,-47.8666666667209
55,7,25,tuning_curve,2000,3,64.5999999999844
55,7,25,tuning_curve,2828.43,3,51.6666666666765
55,7,25,tuning_curve,2828.43,3,142.300000000034
55,7,25,tuning_curve,4000,3,44.433333333302
55,7,25,tuning_curve,4000,3,105.366666666725
55,7,25,tuning_curve,5656.85,3,120.066666666673
55,7,25,tuning_curve,8000,3,-22.6333333333173
55,7,25,tuning_curve,8000,3,19.5666666666625
55,7,25,tuning_curve,8000,3,103.833333333398
55,7,25,tuning_curve,11313.7,3,-43.266666666625
55,7,25,tuning_curve,11313.7,3,-14.2999999999915
55,7,25,tuning_curve,16000,3,69.5333333333679
55,7,25,tuning_curve,16000,3,96.966666666674
55,7,25,tuning_curve,32000,3,-43.7666666666132
55,7,25,tuning_curve,32000,3,94.566666666708
55,7,25,tuning_curve,45254.8,3,-25.4000000000474
55,7,25,tuning_curve,45254.8,3,13.5999999999399
55,7,25,tuning_curve,45254.8,3,106.499999999926
55,7,25,tuning_curve,64000,3,14.0666666665652
55,7,25,tuning_curve,64000,3,107.133333333252
70,7,25,tuning_curve,-1,3,64.5999999999844
70,7,25,tuning_curve,-1,3,94.2666666666696
70,7,25,tuning_curve,1414.21,3,-13.0000000000905
70,7,25,tuning_curve,1414.21,3,7.06666666661704
70,7,25,tuning_curve,2000,3,55.9333333333711
70,7,25,tuning_curve,2000,3,130.733333333353
70,7,25,tuning_curve,4000,3,89.466666666624
70,7,25,tuning_curve,5656.85,3,80.1333333333218
70,7,25,tuning_curve,8000,3,3.43333333336204
70,7,25,tuning_curve,11313.7,3,-17.3333333332835
70,7,25,tuning_curve,11313.7,3,54.4666666666558
70,7,25,tuning_curve,11313.7,3,57.0000000000732
70,7,25,tuning_curve,16000,3,85.4333333333557
70,7,25,tuning_curve,16000,3,143.13333333331
70,7,25,tuning_curve,22627.4,3,124.266666666642
70,7,25,tuning_curve,32000,3,-14.500000000055
70,7,25,tuning_curve,32000,3,116.69999999998
70,7,25,tuning_curve,64000,3,-22.0333333333542
70,7,25,tuning_curve,64000,3,26.1666666667111
40,7,25,tuning_curve,-1,4,11.6666666667129
40,7,25,tuning_curve,-1,4,30.6666666666047
40,7,25,tuning_curve,-1,4,78.3333333333189
40,7,25,tuning_curve,-1,4,112.933333333274
40,7,25,tuning_curve,1000,4,144.166666666649
40,7,25,tuning_curve,1414.21,4,-18.9666666666994
40,7,25,tuning_curve,1414.21,4,123.233333333303
40,7,25,tuning_curve,2000,4,40.0999999999954
40,7,25,tuning_curve,2828.43,4,-35.3000000000634
40,7,25,tuning_curve,4000,4,37.5666666665779
40,7,25,tuning_curve,5656.85,4,-20.0666666666507
40,7,25,tuning_curve,5656.85,4,18.5666666665725
40,7,25,tuning_curve,5656.85,4,66.5333333333251
40,7,25,tuning_curve,5656.85,4,134.499999999946
40,7,25,tuning_curve,8000,4,9.79999999998427
40,7,25,tuning_curve,8000,4,104.233333333298
40,7,25,tuning_curve,11313.7,4,-7.96666666661849
40,7,25,tuning_curve,11313.7,4,144.133333333286
40,7,25,tuning_curve,16000,4,130.200000000002
40,7,25,tuning_curve,22627.4,4,3.99999999996226
40,7,25,tuning_curve,22627.4,4,131.733333333329
40,7,25,tuning_curve,32000,4,39.0666666666561
40,7,25,tuning_curve,45254.8,4,129.200000000026
40,7,25,tuning_curve,64000,4,131.799999999942
55,7,25,tuning_curve,-1,4,-36.4333333333775
55,7,25,tuning_curve,-1,4,49.1000000000099
55,7,25,tuning_curve,-1,4,83.8333333333026
55,7,25,tuning_curve,-1,4,136.099999999999
55,7,25,tuning_curve,2828.43,4,7.06666666673073
55,7,25,tuning_curve,2828.43,4,66.6333333333
55,7,25,tuning_curve,5656.85,4,64.9999999999977
55,7,25,tuning_curve,8000,4,86.2666666666314
55,7,25,tuning_curve,11313.7,4,83.2000000000903
55,7,25,tuning_curve,22627.4,4,65.8666666666363
55,7,25,tuning_curve,32000,4,-11.9000000000256
55,7,25,tuning_curve,32000,4,90.7333333332758
55,7,25,tuning_curve,45254.8,4,80.2333333332967
55,7,25,tuning_curve,64000,4,-26.1666666667111
55,7,25,tuning_curve,64000,4,88.1666666666092
70,7,25,tuning_curve,-1,4,45.0999999999908
70,7,25,tuning_curve,-1,4,61.0333333333415
70,7,25,tuning_curve,1000,4,14.033333333316
70,7,25,tuning_curve,1414.21,4,-35.2333333333377
70,7,25,tuning_curve,1414.21,4,33.3666666667227
70,7,25,tuning_curve,1414.21,4,111.100000000022
70,7,25,tuning_curve,1414.21,4,140.666666666732
70,7,25,tuning_curve,2828.43,4,-45.9666666666294
70,7,25,tuning_curve,2828.43,4,10.7999999999606
70,7,25,tuning_curve,4000,4,-22.8333333333808
70,7,25,tuning_curve,4000,4,110.066666666683
70,7,25,tuning_curve,5656.85,4,114.333333333263
70,7,25,tuning_curve,8000,4,43.733333333364
70,7,25,tuning_curve,8000,4,126.899999999921
70,7,25,tuning_curve,11313.7,4,70.7000000000448
70,7,25,tuning_curve,16000,4,15.6666666666183
70,7,25,tuning_curve,22627.4,4,97.033333333286
70,7,25,tuning_curve,32000,4,14.2000000000166
70,7,25,tuning_curve,32000,4,73.6999999999739
70,7,25,tuning_curve,45254.8,4,-38.7333333333686
70,7,25,tuning_curve,45254.8,4,122.400000000027
70,7,25,tuning_curve,64000,4,134.23333333327
40,7,25,tuning_curve,-1,5,-39.2999999999688
40,7,25,tuning_curve,-1,5,83.9333333333911
40,7,25,tuning_curve,1000,5,7.69999999994297
40,7,25,tuning_curve,1414.21,5,40.1333333333582
40,7,25,tuning_curve,2828.43,5,-31.9666666667331
40,7,25,tuning_curve,2828.43,5,80.3333333332716
40,7,25,tuning_curve,2828.43,5,124.066666666693
40,7,25,tuning_curve,4000,5,-21.1999999999648
40,7,25,tuning_curve,5656.85,5,-39.166666666631
40,7,25,tuning_curve,5656.85,5,25.8666666666727
40,7,25,tuning_curve,5656.85,5,61.7333333333931
40,7,25,tuning_curve,8000,5,54.6666666667193
40,7,25,tuning_curve,11313.7,5,-32.1333333334337
40,7,25,tuning_curve,11313.7,5,78.8333333333071
40,7,25,tuning_curve,16000,5,82.2333333333631
40,7,25,tuning_curve,16000,5,133.199999999931
40,7,25,tuning_curve,22627.4,5,-44.0000000001532
40,7,25,tuning_curve,22627.4,5,-3.50000000008777
40,7,25,tuning_curve,22627.4,5,118.566666666595
40,7,25,tuning_curve,32000,5,5.13333333339006
40,7,25,tuning_curve,45254.8,5,-17.0333333333588
40,7,25,tuning_curve,45254.8,5,110.266666666632
40,7,25,tuning_curve,64000,5,-19.3666666667127
40,7,25,tuning_curve,64000,5,-15.6333333333691
40,7,25,tuning_curve,64000,5,-3.80000000001246
40,7,25,tuning_curve,64000,5,27.6999999999248
40,7,25,tuning_curve,64000,5,85.966666666593
55,7,25,tuning_curve,-1,5,5.93333333330293
55,7,25,tuning_curve,-1,5,48.1666666666456
55,7,25,tuning_curve,-1,5,65.1999999999475
55,7,25,tuning_curve,-1,5,97.8333333333126
55,7,25,tuning_curve,1000,5,63.000000000045
55,7,25,tuning_curve,1000,5,125.96666666667
55,7,25,tuning_curve,1414.21,5,6.73333333332948
55,7,25,tuning_curve,2000,5,-37.399999999991
55,7,25,tuning_curve,2000,5,125.733333333358
55,7,25,tuning_curve,4000,5,-30.1999999999794
55,7,25,tuning_curve,4000,5,135.733333333349
55,7,25,tuning_curve,5656.85,5,-22.5999999999544
55,7,25,tuning_curve,5656.85,5,56.1000000000718
55,7,25,tuning_curve,5656.85,5,122.43333333339
55,7,25,tuning_curve,8000,5,5.29999999997699
55,7,25,tuning_curve,11313.7,5,-39.3999999999437
55,7,25,tuning_curve,11313.7,5,13.3000000000152
55,7,25,tuning_curve,11313.7,5,108.766666666668
55,7,25,tuning_curve,16000,5,146.09999999999
55,7,25,tuning_curve,22627.4,5,0.866666666695437
55,7,25,tuning_curve,22627.4,5,70.9666666667204
55,7,25,tuning_curve,45254.8,5,-34.8333333333244
55,7,25,tuning_curve,45254.8,5,143.666666666661
55,7,25,tuning_curve,64000,5,-0.0666666666688798
55,7,25,tuning_curve,64000,5,125.79999999997
70,7,25,tuning_curve,-1,5,-33.999999999935
70,7,25,tuning_curve,-1,5,41.6666666666856
70,7,25,tuning_curve,1000,5,8.49999999996953
70,7,25,tuning_curve,1000,5,128.833333333375
70,7,25,tuning_curve,1414.21,5,138.600000000054
70,7,25,tuning_curve,2828.43,5,-41.0333333333597
70,7,25,tuning_curve,2828.43,5,71.3666666666199
70,7,25,tuning_curve,4000,5,27.6333333333127
70,7,25,tuning_curve,4000,5,91.6000000000281
70,7,25,tuning_curve,4000,5,98.3666666666636
70,7,25,tuning_curve,5656.85,5,-19.3000000001007
70,7,25,tuning_curve,5656.85,5,-2.76666666678693
70,7,25,tuning_curve,5656.85,5,67.5666666665506
70,7,25,tuning_curve,11313.7,5,-19.5666666666625
70,7,25,tuning_curve,16000,5,-44.3999999999392
70,7,25,tuning_curve,16000,5,11.3333333334253
70,7,25,tuning_curve,16000,5,130.033333333415
70,7,25,tuning_curve,45254.8,5,-39.4000000000574
70,7,25,tuning_curve,45254.8,5,136.466666666649
70,7,25,tuning_curve,64000,5,65.5333333332351
70,7,25,tuning_curve,64000,5,137.76666666655
70,7,25,tuning_curve,64000,5,146.333333333303
40,7,25,tuning_curve,-1,6,122.099999999989
40,7,25,tuning_curve,1000,6,-17.9666666666094
40,7,25,tuning_curve,1000,6,86.6000000000327
40,7,25,tuning_curve,1414.21,6,-25.100000000009
40,7,25,tuning_curve,2828.43,6,-7.60000000008176
40,7,25,tuning_curve,2828.43,6,28.8333333332389
40,7,25,tuning_curve,2828.43,6,144.166666666536
40,7,25,tuning_curve,4000,6,44.9333333334039
40,7,25,tuning_curve,5656.85,6,85.133333333431
40,7,25,tuning_curve,8000,6,89.999999999975
40,7,25,tuning_curve,11313.7,6,-49.1333333333728
40,7,25,tuning_curve,11313.7,6,129.099999999937
40,7,25,tuning_curve,22627.4,6,93.9999999999941
40,7,25,tuning_curve,32000,6,7.06666666673073
40,7,25,tuning_curve,32000,6,99.5333333333406
40,7,25,tuning_curve,45254.8,6,84.2333333332022
40,7,25,tuning_curve,64000,6,53.8666666666927
40,7,25,tuning_curve,64000,6,149.200000000121
55,7,25,tuning_curve,-1,6,28.1333333333009
55,7,25,tuning_curve,-1,6,93.9999999999941
55,7,25,tuning_curve,1414.21,6,54.566666666517
55,7,25,tuning_curve,1414.21,6,132.033333333254
55,7,25,tuning_curve,2000,6,75.4333333333648
55,7,25,tuning_curve,2828.43,6,83.4666666666521
55,7,25,tuning_curve,2828.43,6,143.599999999935
55,7,25,tuning_curve,4000,6,-23.0333333332169
55,7,25,tuning_curve,4000,6,35.8666666667773
55,7,25,tuning_curve,4000,6,75.0333333333515
55,7,25,tuning_curve,5656.85,6,-11.0000000001378
55,7,25,tuning_curve,5656.85,6,23.1333333331918
55,7,25,tuning_curve,5656.85,6,125.233333333256
55,7,25,tuning_curve,8000,6,74.6999999999503
55,7,25,tuning_curve,11313.7,6,57.4999999999477
55,7,25,tuning_curve,16000,6,-19.1666666667629
55,7,25,tuning_curve,16000,6,113.433333333262
55,7,25,tuning_curve,22627.4,6,66.1333333334255
55,7,25,tuning_curve,32000,6,97.2333333334632
55,7,25,tuning_curve,64000,6,5.40000000006557
55,7,25,tuning_curve,64000,6,135.833333333437
70,7,25,tuning_curve,-1,6,17.8000000000225
70,7,25,tuning_curve,-1,6,96.9000000000619
70,7,25,tuning_curve,1000,6,-12.033333333477
70,7,25,tuning_curve,1414.21,6,-19.2000000001258
70,7,25,tuning_curve,2000,6,129.899999999964
70,7,25,tuning_curve,2828.43,6,-19.0333333331978
70,7,25,tuning_curve,2828.43,6,4.30000000011432
70,7,25,tuning_curve,2828.43,6,70.1666666668075
70,7,25,tuning_curve,2828.43,6,100.16666666678
70,7,25,tuning_curve,4000,6,-49.7000000000867
70,7,25,tuning_curve,4000,6,34.6999999999866
70,7,25,tuning_curve,5656.85,6,105.766666666739
70,7,25,tuning_curve,8000,6,-7.2999999999297
70,7,25,tuning_curve,8000,6,126.033333333396
70,7,25,tuning_curve,11313.7,6,-10.3999999999473
70,7,25,tuning_curve,16000,6,88.3000000000607
70,7,25,tuning_curve,22627.4,6,-47.0333333333315
70,7,25,tuning_curve,22627.4,6,36.7333333334159
70,7,25,tuning_curve,22627.4,6,95.2666666667596
70,7,25,tuning_curve,22627.4,6,113.766666666777
70,7,25,tuning_curve,22627.4,6,139.433333333443
70,7,25,tuning_curve,32000,6,-12.9666666666139
70,7,25,tuning_curve,32000,6,45.8000000000425
70,7,25,tuning_curve,32000,6,98.8333333334026
70,7,25,tuning_curve,45254.8,6,1.79999999994607
70,7,25,tuning_curve,45254.8,6,120.933333333198
70,7,25,tuning_curve,45254.8,6,148.333333333255
70,7,25,tuning_curve,64000,6,-26.4666666666358
70,7,25,tuning_curve,64000,6,73.7999999999488
70,7,25,tuning_curve,64000,6,89.4000000000119
40,7,25,tuning_curve,-1,7,-43.0333333333124
40,7,25,tuning_curve,-1,7,125.200000000007
40,7,25,tuning_curve,1000,7,71.4333333333457
40,7,25,tuning_curve,1414.21,7,69.7000000000685
40,7,25,tuning_curve,1414.21,7,139.866666666705
40,7,25,tuning_curve,2000,7,116.53333333328
40,7,25,tuning_curve,2828.43,7,-34.7999999999615
40,7,25,tuning_curve,2828.43,7,63.4000000000583
40,7,25,tuning_curve,4000,7,-49.8666666665599
40,7,25,tuning_curve,5656.85,7,-12.4333333332629
40,7,25,tuning_curve,5656.85,7,-1.96666666664669
40,7,25,tuning_curve,5656.85,7,110.900000000072
40,7,25,tuning_curve,8000,7,12.2666666665623
40,7,25,tuning_curve,8000,7,101.69999999988
40,7,25,tuning_curve,16000,7,81.2333333332731
40,7,25,tuning_curve,22627.4,7,110.466666666582
40,7,25,tuning_curve,64000,7,43.8333333333389
40,7,25,tuning_curve,64000,7,108.733333333419
55,7,25,tuning_curve,-1,7,-12.4333333333766
55,7,25,tuning_curve,1000,7,51.2333333334141
55,7,25,tuning_curve,1414.21,7,-46.4999999999804
55,7,25,tuning_curve,1414.21,7,-8.76666666664505
55,7,25,tuning_curve,1414.21,7,46.3000000000306
55,7,25,tuning_curve,2000,7,-42.2666666666487
55,7,25,tuning_curve,2000,7,24.1000000000327
55,7,25,tuning_curve,2828.43,7,66.6000000000508
55,7,25,tuning_curve,4000,7,136.266666666813
55,7,25,tuning_curve,5656.85,7,-36.5666666666016
55,7,25,tuning_curve,5656.85,7,98.5000000000014
55,7,25,tuning_curve,5656.85,7,142.233333333422
55,7,25,tuning_curve,5656.85,7,145.766666666702
55,7,25,tuning_curve,8000,7,65.86666666675
55,7,25,tuning_curve,8000,7,78.233333333344
55,7,25,tuning_curve,11313.7,7,-19.1666666666492
55,7,25,tuning_curve,16000,7,81.6666666665355
55,7,25,tuning_curve,22627.4,7,89.9666666667258
55,7,25,tuning_curve,32000,7,82.5666666666507
55,7,25,tuning_curve,45254.8,7,10.3333333332216
55,7,25,tuning_curve,64000,7,-4.06666666680167
55,7,25,tuning_curve,64000,7,91.0666666665634
70,7,25,tuning_curve,-1,7,25.2333333333468
70,7,25,tuning_curve,-1,7,47.7000000000203
70,7,25,tuning_curve,1000,7,53.7333333333549
70,7,25,tuning_curve,1414.21,7,-13.6000000000536
70,7,25,tuning_curve,5656.85,7,86.0000000000696
70,7,25,tuning_curve,5656.85,7,142.866666666748
70,7,25,tuning_curve,8000,7,106.499999999926
70,7,25,tuning_curve,11313.7,7,60.5000000001041
70,7,25,tuning_curve,11313.7,7,100.933333333444
70,7,25,tuning_curve,16000,7,109.633333333306
70,7,25,tuning_curve,22627.4,7,-47.0666666666943
70,7,25,tuning_curve,22627.4,7,2.36666666665997
70,7,25,tuning_curve,22627.4,7,132.866666666644
70,7,25,tuning_curve,32000,7,-28.2333333333895
70,7,25,tuning_curve,32000,7,99.9333333332402
70,7,25,tuning_curve,45254.8,7,3.16666666657284
70,7,25,tuning_curve,64000,7,86.8666666665945
40,7,25,tuning_curve,1000,8,45.5666666666161
40,7,25,tuning_curve,1000,8,84.1666666667038
40,7,25,tuning_curve,1414.21,8,37.9666666667049
40,7,25,tuning_curve,2828.43,8,128.933333333237
40,7,25,tuning_curve,5656.85,8,121.000000000038
40,7,25,tuning_curve,8000,8,-44.0333333332887
40,7,25,tuning_curve,8000,8,74.5333333333633
40,7,25,tuning_curve,11313.7,8,-36.7333333331885
40,7,25,tuning_curve,11313.7,8,142.600000000073
40,7,25,tuning_curve,16000,8,-24.2999999998688
40,7,25,tuning_curve,16000,8,90.9666666667022
40,7,25,tuning_curve,22627.4,8,24.333333333459
40,7,25,tuning_curve,32000,8,-29.2000000001167
40,7,25,tuning_curve,45254.8,8,148.733333333382
40,7,25,tuning_curve,64000,8,53.6333333333801
40,7,25,tuning_curve,64000,8,149.200000000008
55,7,25,tuning_curve,-1,8,-27.7333333332876
55,7,25,tuning_curve,-1,8,62.6333333333946
55,7,25,tuning_curve,-1,8,101.900000000057
55,7,25,tuning_curve,1000,8,-46.8666666666309
55,7,25,tuning_curve,1000,8,10.0666666666598
55,7,25,tuning_curve,1414.21,8,114.36666666674
55,7,25,tuning_curve,2000,8,63.8333333332071
55,7,25,tuning_curve,2828.43,8,-45.6999999999539
55,7,25,tuning_curve,2828.43,8,60.2666666666778
55,7,25,tuning_curve,4000,8,-18.13333333331
55,7,25,tuning_curve,5656.85,8,-34.7333333333495
55,7,25,tuning_curve,5656.85,8,26.6999999999484
55,7,25,tuning_curve,5656.85,8,118.499999999983
55,7,25,tuning_curve,8000,8,119.633333333297
55,7,25,tuning_curve,11313.7,8,51.0666666665998
55,7,25,tuning_curve,22627.4,8,-46.7000000001576
55,7,25,tuning_curve,22627.4,8,90.3666666665117
55,7,25,tuning_curve,22627.4,8,102.699999999857
55,7,25,tuning_curve,45254.8,8,-46.6999999999302
55,7,25,tuning_curve,45254.8,8,93.400000000031
55,7,25,tuning_curve,64000,8,-28.7333333333777
55,7,25,tuning_curve,64000,8,100.833333333242
70,7,25,tuning_curve,-1,8,31.1666666667065
70,7,25,tuning_curve,-1,8,104.533333333336
70,7,25,tuning_curve,-1,8,136.400000000037
70,7,25,tuning_curve,1000,8,43.1666666665365
70,7,25,tuning_curve,1000,8,148.43333333323
70,7,25,tuning_curve,1414.21,8,-33.9333333333229
70,7,25,tuning_curve,1414.21,8,141.766666666683
70,7,25,tuning_curve,2000,8,-16.7000000000712
70,7,25,tuning_curve,2828.43,8,9.26666666663323
70,7,25,tuning_curve,4000,8,31.2666666666814
70,7,25,tuning_curve,4000,8,104.199999999935
70,7,25,tuning_curve,5656.85,8,-29.3666666667036
70,7,25,tuning_curve,5656.85,8,78.5000000000196
70,7,25,tuning_curve,8000,8,-32.1666666667966
70,7,25,tuning_curve,11313.7,8,-39.8333333333198
70,7,25,tuning_curve,16000,8,104.766666666762
70,7,25,tuning_curve,16000,8,140.400000000056
70,7,25,tuning_curve,22627.4,8,-19.5666666667762
70,7,25,tuning_curve,22627.4,8,31.3333333331798
70,7,25,tuning_curve,45254.8,8,37.5666666666916
70,7,25,tuning_curve,45254.8,8,101.200000000006
70,7,25,tuning_curve,64000,8,-17.8666666667482
70,7,25,tuning_curve,64000,8,69.0666666666289
40,7,25,tuning_curve,1000,9,14.2000000000166
40,7,25,tuning_curve,1000,9,78.4333333332938
40,7,25,tuning_curve,1000,9,128.033333333349
40,7,25,tuning_curve,1414.21,9,-7.23333333320397
40,7,25,tuning_curve,1414.21,9,8.96666666670853
40,7,25,tuning_curve,1414.21,9,76.933333333443
40,7,25,tuning_curve,2000,9,-6.30000000006703
40,7,25,tuning_curve,2828.43,9,12.0333333332496
40,7,25,tuning_curve,2828.43,9,40.1333333332445
40,7,25,tuning_curve,4000,9,14.0999999999281
40,7,25,tuning_curve,4000,9,49.2999999999597
40,7,25,tuning_curve,4000,9,91.5333333331887
40,7,25,tuning_curve,5656.85,9,-3.06666666671163
40,7,25,tuning_curve,5656.85,9,132.766666666555
40,7,25,tuning_curve,11313.7,9,-33.6000000000354
40,7,25,tuning_curve,11313.7,9,14.3666666667173
40,7,25,tuning_curve,11313.7,9,139.79999999998
40,7,25,tuning_curve,16000,9,-37.5666666665779
40,7,25,tuning_curve,16000,9,26.8666666667627
40,7,25,tuning_curve,16000,9,90.6333333334146
40,7,25,tuning_curve,32000,9,-7.73333333330584
40,7,25,tuning_curve,45254.8,9,31.9333333332565
40,7,25,tuning_curve,45254.8,9,96.499999999935
40,7,25,tuning_curve,64000,9,-26.8999999998982
40,7,25,tuning_curve,64000,9,45.4333333333921
40,7,25,tuning_curve,64000,9,131.433333333405
55,7,25,tuning_curve,-1,9,88.833333333298
55,7,25,tuning_curve,1000,9,-20.1333333333764
55,7,25,tuning_curve,1000,9,98.8333333332889
55,7,25,tuning_curve,2000,9,37.4666666667167
55,7,25,tuning_curve,2000,9,123.933333333355
55,7,25,tuning_curve,2828.43,9,-30.6000000001063
55,7,25,tuning_curve,4000,9,12.0000000000005
55,7,25,tuning_curve,4000,9,23.1333333334192
55,7,25,tuning_curve,4000,9,82.8666666666891
55,7,25,tuning_curve,5656.85,9,73.8999999999237
55,7,25,tuning_curve,8000,9,52.1333333331881
55,7,25,tuning_curve,11313.7,9,21.7333333333158
55,7,25,tuning_curve,11313.7,9,122.233333333327
55,7,25,tuning_curve,16000,9,-27.2333333332995
55,7,25,tuning_curve,32000,9,133.566666666695
55,7,25,tuning_curve,45254.8,9,-17.7666666666596
55,7,25,tuning_curve,64000,9,74.1333333334637
70,7,25,tuning_curve,-1,9,-35.699999999963
70,7,25,tuning_curve,-1,9,46.533333333457
70,7,25,tuning_curve,-1,9,46.9666666667194
70,7,25,tuning_curve,-1,9,115.833333333455
70,7,25,tuning_curve,1000,9,-33.3333333332462
70,7,25,tuning_curve,1000,9,138.766666666754
70,7,25,tuning_curve,1414.21,9,49.0666666667607
70,7,25,tuning_curve,1414.21,9,71.7000000001349
70,7,25,tuning_curve,2000,9,-39.4666666666694
70,7,25,tuning_curve,2000,9,91.5999999999144
70,7,25,tuning_curve,2828.43,9,-23.4333333333439
70,7,25,tuning_curve,2828.43,9,129.833333333238
70,7,25,tuning_curve,4000,9,96.1333333332846
70,7,25,tuning_curve,8000,9,86.7333333333704
70,7,25,tuning_curve,11313.7,9,-42.1000000000618
70,7,25,tuning_curve,11313.7,9,11.2999999999488
70,7,25,tuning_curve,11313.7,9,68.5333333332778
70,7,25,tuning_curve,16000,9,-3.73333333328674
70,7,25,tuning_curve,32000,9,18.1666666665592
70,7,25,tuning_curve,32000,9,136.066666666636
70,7,25,tuning_curve,45254.8,9,-24.6666666666329
70,7,25,tuning_curve,45254.8,9,111.96666666666
70,7,25,tuning_curve,64000,9,15.0999999999044
70,7,25,tuning_curve,64000,9,50.0999999999863
70,7,25,tuning_curve,64000,9,85.1666666665665
40,7,25,tuning_curve,-1,10,78.5999999999945
40,7,25,tuning_curve,-1,10,142.76666666666
40,7,25,tuning_curve,1000,10,22.999999999854
40,7,25,tuning_curve,1414.21,10,11.3999999999237
40,7,25,tuning_curve,2000,10,-36.4333333333775
40,7,25,tuning_curve,2000,10,134.166666666658
40,7,25,tuning_curve,2828.43,10,-3.49999999986039
40,7,25,tuning_curve,2828.43,10,115.600000000143
40,7,25,tuning_curve,4000,10,75.300000000027
40,7,25,tuning_curve,4000,10,143.433333333348
40,7,25,tuning_curve,5656.85,10,-23.4999999999559
40,7,25,tuning_curve,5656.85,10,130.666666666741
40,7,25,tuning_curve,8000,10,-36.6666666666902
40,7,25,tuning_curve,11313.7,10,-46.3000000001443
40,7,25,tuning_curve,11313.7,10,76.3999999998646
40,7,25,tuning_curve,16000,10,-28.9666666666903
40,7,25,tuning_curve,16000,10,94.6999999999321
40,7,25,tuning_curve,22627.4,10,-33.6666666667611
40,7,25,tuning_curve,22627.4,10,34.6666666666238
40,7,25,tuning_curve,22627.4,10,98.8666666666518
40,7,25,tuning_curve,32000,10,127.233333333322
40,7,25,tuning_curve,45254.8,10,8.49999999996953
40,7,25,tuning_curve,45254.8,10,96.4333333333229
40,7,25,tuning_curve,64000,10,51.0999999999626
55,7,25,tuning_curve,-1,10,43.733333333364
55,7,25,tuning_curve,-1,10,46.4666666667313
55,7,25,tuning_curve,-1,10,114.633333333416
55,7,25,tuning_curve,1000,10,-46.2000000000558
55,7,25,tuning_curve,1414.21,10,-41.1666666668111
55,7,25,tuning_curve,1414.21,10,124.199999999917
55,7,25,tuning_curve,2000,10,-33.0333333333215
55,7,25,tuning_curve,2000,10,120.366666666712
55,7,25,tuning_curve,2828.43,10,-0.933333333307473
55,7,25,tuning_curve,2828.43,10,114.266666666651
55,7,25,tuning_curve,2828.43,10,141.500000000008
55,7,25,tuning_curve,4000,10,-49.5999999999981
55,7,25,tuning_curve,4000,10,149.799999999971
55,7,25,tuning_curve,8000,10,96.3333333334617
55,7,25,tuning_curve,8000,10,97.6333333334765
55,7,25,tuning_curve,11313.7,10,-28.6333333334028
55,7,25,tuning_curve,11313.7,10,81.6333333332864
55,7,25,tuning_curve,11313.7,10,126.233333333232
55,7,25,tuning_curve,16000,10,-48.2333333332576
55,7,25,tuning_curve,16000,10,-0.433333333319297
55,7,25,tuning_curve,16000,10,145.633333333365
55,7,25,tuning_curve,22627.4,10,123.100000000079
55,7,25,tuning_curve,45254.8,10,-24.8666666665827
55,7,25,tuning_curve,64000,10,130.166666666639
70,7,25,tuning_curve,-1,10,-29.0666666667789
70,7,25,tuning_curve,-1,10,70.3666666665299
70,7,25,tuning_curve,-1,10,113.233333333199
70,7,25,tuning_curve,1000,10,-35.066666666637
70,7,25,tuning_curve,1000,10,54.4333333332929
70,7,25,tuning_curve,1000,10,142.899999999997
70,7,25,tuning_curve,1414.21,10,27.1000000000754
70,7,25,tuning_curve,1414.21,10,79.9999999999841
70,7,25,tuning_curve,1414.21,10,141.599999999983
70,7,25,tuning_curve,2000,10,69.433333333393
70,7,25,tuning_curve,2000,10,102.50000000002
70,7,25,tuning_curve,2828.43,10,69.9666666665166
70,7,25,tuning_curve,5656.85,10,10.6666666666229
70,7,25,tuning_curve,5656.85,10,126.833333333309
70,7,25,tuning_curve,8000,10,77.6666666665164
70,7,25,tuning_curve,11313.7,10,95.7999999998833
70,7,25,tuning_curve,11313.7,10,112.433333333286
70,7,25,tuning_curve,11313.7,10,143.49999999996
70,7,25,tuning_curve,32000,10,-15.2666666667187
70,7,25,tuning_curve,32000,10,123.966666666718
70,7,25,tuning_curve,45254.8,10,24.7333333332449
70,7,25,tuning_curve,45254.8,10,88.1999999999721
70,7,25,tuning_curve,64000,10,63.7333333332322
40,7,25,tuning_curve,-1,11,37.2333333334041
40,7,25,tuning_curve,1414.21,11,-43.5666666667771
40,7,25,tuning_curve,2000,11,-21.7333333334295
40,7,25,tuning_curve,2000,11,89.466666666624
40,7,25,tuning_curve,2828.43,11,14.7666666665032
40,7,25,tuning_curve,2828.43,11,123.233333333189
40,7,25,tuning_curve,4000,11,-1.86666666667179
40,7,25,tuning_curve,4000,11,75.5999999999517
40,7,25,tuning_curve,5656.85,11,-1.06666666653155
40,7,25,tuning_curve,8000,11,-38.3000000001061
40,7,25,tuning_curve,11313.7,11,20.9333333331756
40,7,25,tuning_curve,11313.7,11,88.3999999999219
40,7,25,tuning_curve,16000,11,134.499999999946
40,7,25,tuning_curve,22627.4,11,55.2000000000703
40,7,25,tuning_curve,32000,11,-43.1333333331736
40,7,25,tuning_curve,32000,11,116.066666666768
40,7,25,tuning_curve,45254.8,11,15.0333333334061
40,7,25,tuning_curve,64000,11,49.0333333331705
55,7,25,tuning_curve,-1,11,56.5333333334479
55,7,25,tuning_curve,1000,11,79.86666666676
55,7,25,tuning_curve,2000,11,85.5666666665797
55,7,25,tuning_curve,2828.43,11,45.9333333332665
55,7,25,tuning_curve,4000,11,82.4333333333129
55,7,25,tuning_curve,4000,11,92.4333333333038
55,7,25,tuning_curve,5656.85,11,28.9333333333275
55,7,25,tuning_curve,5656.85,11,45.3666666666663
55,7,25,tuning_curve,8000,11,117.26666666658
55,7,25,tuning_curve,11313.7,11,-22.5666666668189
55,7,25,tuning_curve,16000,11,-13.4666666666021
55,7,25,tuning_curve,16000,11,79.0333333333706
55,7,25,tuning_curve,16000,11,98.8333333334026
55,7,25,tuning_curve,22627.4,11,-49.4000000000483
55,7,25,tuning_curve,22627.4,11,34.4999999999231
55,7,25,tuning_curve,22627.4,11,118.199999999945
55,7,25,tuning_curve,32000,11,10.2999999998588
55,7,25,tuning_curve,45254.8,11,90.9333333333393
55,7,25,tuning_curve,64000,11,2.59999999997262
55,7,25,tuning_curve,64000,11,105.099999999936
70,7,25,tuning_curve,-1,11,131.666666666604
70,7,25,tuning_curve,1000,11,45.0333333333788
70,7,25,tuning_curve,1414.21,11,-1.10000000000809
70,7,25,tuning_curve,2000,11,4.10000000005084
70,7,25,tuning_curve,2000,11,55.7000000000585
70,7,25,tuning_curve,2828.43,11,-37.0666666665898
70,7,25,tuning_curve,2828.43,11,27.5000000000887
70,7,25,tuning_curve,4000,11,33.8999999999601
70,7,25,tuning_curve,4000,11,46.2333333333049
70,7,25,tuning_curve,4000,11,140.066666666655
70,7,25,tuning_curve,8000,11,19.4333333332111
70,7,25,tuning_curve,11313.7,11,-18.2666666667615
70,7,25,tuning_curve,16000,11,-19.2000000000121
70,7,25,tuning_curve,16000,11,62.4666666665803
70,7,25,tuning_curve,16000,11,66.9666666665876
70,7,25,tuning_curve,22627.4,11,141.333333333421
70,7,25,tuning_curve,32000,11,6.96666666675583
70,7,25,tuning_curve,32000,11,123.400000000004
70,7,25,tuning_curve,64000,11,4.89999999996371
40,7,25,tuning_curve,-1,12,38.2666666666296
40,7,25,tuning_curve,1000,12,15.4999999999177
40,7,25,tuning_curve,1000,12,67.5333333331878
40,7,25,tuning_curve,1000,12,120.166666666535
40,7,25,tuning_curve,1414.21,12,87.4333333331947
40,7,25,tuning_curve,2000,12,-29.133333333391
40,7,25,tuning_curve,2828.43,12,-30.5333333333806
40,7,25,tuning_curve,2828.43,12,27.499999999975
40,7,25,tuning_curve,5656.85,12,89.3333333333999
40,7,25,tuning_curve,8000,12,-39.4666666665557
40,7,25,tuning_curve,8000,12,86.5666666667835
40,7,25,tuning_curve,8000,12,108.466666666743
40,7,25,tuning_curve,16000,12,-24.9999999999204
40,7,25,tuning_curve,16000,12,27.8333333333762
40,7,25,tuning_curve,16000,12,126.266666666709
40,7,25,tuning_curve,22627.4,12,-19.1666666665355
40,7,25,tuning_curve,32000,12,79.86666666676
40,7,25,tuning_curve,45254.8,12,41.1999999999466
40,7,25,tuning_curve,45254.8,12,57.1333333331836
40,7,25,tuning_curve,45254.8,12,115.899999999954
40,7,25,tuning_curve,64000,12,7.43333333338114
40,7,25,tuning_curve,64000,12,141.933333333384
55,7,25,tuning_curve,-1,12,7.90000000012014
55,7,25,tuning_curve,-1,12,128.766666666763
55,7,25,tuning_curve,1000,12,-19.4333333334384
55,7,25,tuning_curve,1000,12,22.999999999854
55,7,25,tuning_curve,1000,12,111.766666666597
55,7,25,tuning_curve,1414.21,12,15.1000000001318
55,7,25,tuning_curve,1414.21,12,130.700000000104
55,7,25,tuning_curve,2000,12,-9.03333333332057
55,7,25,tuning_curve,2000,12,116.033333333291
55,7,25,tuning_curve,2828.43,12,83.033333333276
55,7,25,tuning_curve,4000,12,46.3666666666427
55,7,25,tuning_curve,5656.85,12,-26.5999999999735
55,7,25,tuning_curve,5656.85,12,10.333333333449
55,7,25,tuning_curve,11313.7,12,-24.5666666667717
55,7,25,tuning_curve,16000,12,128.666666666675
55,7,25,tuning_curve,22627.4,12,-39.5333333332815
55,7,25,tuning_curve,22627.4,12,107.800000000054
55,7,25,tuning_curve,32000,12,5.66666666662741
55,7,25,tuning_curve,32000,12,120.566666666662
55,7,25,tuning_curve,45254.8,12,67.0000000000641
55,7,25,tuning_curve,45254.8,12,138.300000000015
55,7,25,tuning_curve,64000,12,-12.0000000000005
55,7,25,tuning_curve,64000,12,79.466666666633
55,7,25,tuning_curve,64000,12,148.833333333243
70,7,25,tuning_curve,-1,12,-10.4666666666731
70,7,25,tuning_curve,-1,12,89.6000000000754
70,7,25,tuning_curve,1414.21,12,107.700000000079
70,7,25,tuning_curve,2000,12,104.366666666635
70,7,25,tuning_curve,2828.43,12,46.3666666666427
70,7,25,tuning_curve,2828.43,12,148.633333333294
70,7,25,tuning_curve,4000,12,6.89999999991642
70,7,25,tuning_curve,8000,12,41.033333333246
70,7,25,tuning_curve,22627.4,12,-6.83333333341807
70,7,25,tuning_curve,32000,12,-25.9666666665339
70,7,25,tuning_curve,32000,12,56.8333333333726
70,7,25,tuning_curve,45254.8,12,20.9666666667658
70,7,25,tuning_curve,45254.8,12,108.400000000131
70,7,25,tuning_curve,64000,12,103.933333333373
40,7,25,tuning_curve,-1,13,-25.2666666666528
40,7,25,tuning_curve,-1,13,145.599999999945
40,7,25,tuning_curve,1000,13,13.266666666766
40,7,25,tuning_curve,1000,13,87.7333333333468
40,7,25,tuning_curve,1414.21,13,25.9333333334553
40,7,25,tuning_curve,2000,13,-1.40000000004648
40,7,25,tuning_curve,2000,13,105.49999999995
40,7,25,tuning_curve,2000,13,140.233333333242
40,7,25,tuning_curve,2828.43,13,43.6666666665815
40,7,25,tuning_curve,2828.43,13,104.50000000003
40,7,25,tuning_curve,4000,13,-42.4666666666553
40,7,25,tuning_curve,4000,13,77.5999999999613
40,7,25,tuning_curve,8000,13,-6.86666666666724
40,7,25,tuning_curve,8000,13,85.4666666667185
40,7,25,tuning_curve,8000,13,121.500000000026
40,7,25,tuning_curve,11313.7,13,-26.8333333333999
40,7,25,tuning_curve,16000,13,66.4333333333502
40,7,25,tuning_curve,32000,13,138.633333333303
40,7,25,tuning_curve,45254.8,13,51.1666666666883
55,7,25,tuning_curve,-1,13,-10.2999999999724
55,7,25,tuning_curve,-1,13,126.200000000097
55,7,25,tuning_curve,1000,13,-21.4333333333911
55,7,25,tuning_curve,1000,13,37.5999999999408
55,7,25,tuning_curve,1000,13,86.2666666666314
55,7,25,tuning_curve,1414.21,13,-36.3333333332889
55,7,25,tuning_curve,1414.21,13,36.3000000000397
55,7,25,tuning_curve,2000,13,-5.36666666658903
55,7,25,tuning_curve,2000,13,125.833333333446
55,7,25,tuning_curve,2828.43,13,19.7000000000003
55,7,25,tuning_curve,2828.43,13,55.0000000000068
55,7,25,tuning_curve,2828.43,13,116.933333333293
55,7,25,tuning_curve,2828.43,13,138.466666666602
55,7,25,tuning_curve,4000,13,6.03333333327782
55,7,25,tuning_curve,4000,13,84.0999999999781
55,7,25,tuning_curve,5656.85,13,-23.86666666672
55,7,25,tuning_curve,5656.85,13,10.1666666666347
55,7,25,tuning_curve,8000,13,-36.0666666666702
55,7,25,tuning_curve,8000,13,14.6333333333359
55,7,25,tuning_curve,8000,13,100.733333333324
55,7,25,tuning_curve,11313.7,13,1.09999999989441
55,7,25,tuning_curve,11313.7,13,112.766666666573
55,7,25,tuning_curve,16000,13,-19.5000000000505
55,7,25,tuning_curve,16000,13,91.5333333331887
55,7,25,tuning_curve,32000,13,80.666666666616
55,7,25,tuning_curve,45254.8,13,59.2666666665878
55,7,25,tuning_curve,64000,13,-46.8333333333817
55,7,25,tuning_curve,64000,13,-3.40000000011287
70,7,25,tuning_curve,1414.21,13,-32.5666666666962
70,7,25,tuning_curve,1414.21,13,105.766666666625
70,7,25,tuning_curve,2000,13,15.7666666667069
70,7,25,tuning_curve,2828.43,13,-34.6333333333178
70,7,25,tuning_curve,2828.43,13,75.3666666665822
70,7,25,tuning_curve,4000,13,-47.6000000000454
70,7,25,tuning_curve,4000,13,116.733333333343
70,7,25,tuning_curve,5656.85,13,-15.8999999999878
70,7,25,tuning_curve,5656.85,13,85.9666666666499
70,7,25,tuning_curve,8000,13,85.5999999997721
70,7,25,tuning_curve,8000,13,139.999999999986
70,7,25,tuning_curve,11313.7,13,17.4666666665075
70,7,25,tuning_curve,16000,13,-46.6000000000122
70,7,25,tuning_curve,16000,13,104.200000000105
70,7,25,tuning_curve,22627.4,13,109.19999999993
70,7,25,tuning_curve,22627.4,13,145.533333333162
70,7,25,tuning_curve,32000,13,108.700000000056
70,7,25,tuning_curve,64000,13,37.6666666667234
40,7,25,tuning_curve,-1,14,2.29999999999109
40,7,25,tuning_curve,-1,14,26.6000000000304
40,7,25,tuning_curve,1000,14,56.8666666666786
40,7,25,tuning_curve,1414.21,14,148.933333333275
40,7,25,tuning_curve,2000,14,66.8000000000006
40,7,25,tuning_curve,2828.43,14,21.5333333334229
40,7,25,tuning_curve,2828.43,14,131.266666666647
40,7,25,tuning_curve,4000,14,-17.9666666666662
40,7,25,tuning_curve,4000,14,28.0000000001337
40,7,25,tuning_curve,5656.85,14,76.7666666666855
40,7,25,tuning_curve,8000,14,-41.2999999999784
40,7,25,tuning_curve,8000,14,70.3999999999496
40,7,25,tuning_curve,8000,14,107.799999999884
40,7,25,tuning_curve,8000,14,126.466666666488
40,7,25,tuning_curve,16000,14,-19.8333333334517
40,7,25,tuning_curve,16000,14,84.0666666665015
40,7,25,tuning_curve,32000,14,-26.6333333332796
40,7,25,tuning_curve,32000,14,102.633333333301
40,7,25,tuning_curve,45254.8,14,64.999999999884
40,7,25,tuning_curve,45254.8,14,77.7333333332422
40,7,25,tuning_curve,64000,14,29.5999999999594
40,7,25,tuning_curve,64000,14,142.53333333329
55,7,25,tuning_curve,-1,14,22.2999999999729
55,7,25,tuning_curve,-1,14,109.733333333111
55,7,25,tuning_curve,-1,14,130.333333333169
55,7,25,tuning_curve,1414.21,14,-35.1999999999748
55,7,25,tuning_curve,2000,14,146.699999999839
55,7,25,tuning_curve,2828.43,14,-48.9666666665585
55,7,25,tuning_curve,2828.43,14,138.133333333428
55,7,25,tuning_curve,4000,14,-22.4999999999227
55,7,25,tuning_curve,4000,14,42.7333333333308
55,7,25,tuning_curve,4000,14,130.199999999945
55,7,25,tuning_curve,5656.85,14,-8.73333333328219
55,7,25,tuning_curve,5656.85,14,27.0666666667125
55,7,25,tuning_curve,5656.85,14,64.7666666666851
55,7,25,tuning_curve,8000,14,-45.0333333334356
55,7,25,tuning_curve,8000,14,33.6666666665906
55,7,25,tuning_curve,8000,14,135.266666666553
55,7,25,tuning_curve,11313.7,14,-8.09999999989941
55,7,25,tuning_curve,11313.7,14,86.8333333334022
55,7,25,tuning_curve,11313.7,14,148.166666666725
55,7,25,tuning_curve,16000,14,-35.6333333335215
55,7,25,tuning_curve,16000,14,79.5666666664374
55,7,25,tuning_curve,32000,14,118.433333333201
55,7,25,tuning_curve,45254.8,14,121.39999999988
55,7,25,tuning_curve,45254.8,14,144.533333333243
55,7,25,tuning_curve,45254.8,14,149.000000000001
55,7,25,tuning_curve,64000,14,99.7333333333472
70,7,25,tuning_curve,-1,14,140.833333333319
70,7,25,tuning_curve,1000,14,53.6666666665724
70,7,25,tuning_curve,1414.21,14,44.0666666667084
70,7,25,tuning_curve,2000,14,-11.3000000000056
70,7,25,tuning_curve,2828.43,14,90.1333333332559
70,7,25,tuning_curve,4000,14,107.366666666792
70,7,25,tuning_curve,5656.85,14,-17.7999999999656
70,7,25,tuning_curve,5656.85,14,79.4666666666899
70,7,25,tuning_curve,8000,14,15.5333333333374
70,7,25,tuning_curve,8000,14,149.700000000053
70,7,25,tuning_curve,11313.7,14,63.0333333332942
70,7,25,tuning_curve,11313.7,14,117.066666666631
70,7,25,tuning_curve,32000,14,141.96666666669
70,7,25,tuning_curve,45254.8,14,130.566666666596
70,7,25,tuning_curve,64000,14,27.9666666666571
40,7,25,tuning_curve,-1,15,116.36666666675
40,7,25,tuning_curve,1414.21,15,35.6666666665433
40,7,25,tuning_curve,1414.21,15,91.2999999999329
40,7,25,tuning_curve,2828.43,15,-29.0666666666084
40,7,25,tuning_curve,2828.43,15,14.00000000001
40,7,25,tuning_curve,4000,15,75.5333333335102
40,7,25,tuning_curve,5656.85,15,-49.8999999998659
40,7,25,tuning_curve,5656.85,15,2.96666666679357
40,7,25,tuning_curve,5656.85,15,31.1000000000377
40,7,25,tuning_curve,5656.85,15,113.100000000145
40,7,25,tuning_curve,8000,15,96.300000000042
40,7,25,tuning_curve,11313.7,15,86.1000000001013
40,7,25,tuning_curve,22627.4,15,-11.366666666504
40,7,25,tuning_curve,22627.4,15,111.200000000167
40,7,25,tuning_curve,32000,15,-43.8333333332821
40,7,25,tuning_curve,32000,15,14.533333333361
40,7,25,tuning_curve,32000,15,71.6333333333523
40,7,25,tuning_curve,64000,15,-15.8000000000129
40,7,25,tuning_curve,64000,15,108.200000000011
40,7,25,tuning_curve,64000,15,147.199999999998
55,7,25,tuning_curve,-1,15,-19.0333333333683
55,7,25,tuning_curve,-1,15,119.600000000105
55,7,25,tuning_curve,1000,15,-46.566666666763
55,7,25,tuning_curve,1414.21,15,108.066666666787
55,7,25,tuning_curve,2000,15,81.299999999942
55,7,25,tuning_curve,2828.43,15,-38.2666666665727
55,7,25,tuning_curve,2828.43,15,8.60000000000127
55,7,25,tuning_curve,2828.43,15,50.2999999999929
55,7,25,tuning_curve,2828.43,15,119.70000000008
55,7,25,tuning_curve,5656.85,15,15.9666666667135
55,7,25,tuning_curve,5656.85,15,88.4333333332279
55,7,25,tuning_curve,11313.7,15,73.2333333331781
55,7,25,tuning_curve,16000,15,71.4000000001533
55,7,25,tuning_curve,22627.4,15,93.8999999999623
55,7,25,tuning_curve,32000,15,46.2000000001126
55,7,25,tuning_curve,45254.8,15,-3.16666666651599
55,7,25,tuning_curve,64000,15,108.966666666788
70,7,25,tuning_curve,-1,15,87.5333333334538
70,7,25,tuning_curve,1000,15,26.766666666731
70,7,25,tuning_curve,1414.21,15,28.8333333334094
70,7,25,tuning_curve,2000,15,-11.1666666665542
70,7,25,tuning_curve,2000,15,32.3666666666895
70,7,25,tuning_curve,4000,15,93.4666666668136
70,7,25,tuning_curve,5656.85,15,-19.5666666667194
70,7,25,tuning_curve,5656.85,15,49.1333333333159
70,7,25,tuning_curve,8000,15,-13.3999999999332
70,7,25,tuning_curve,8000,15,96.2000000000671
70,7,25,tuning_curve,8000,15,145.533333333447
70,7,25,tuning_curve,11313.7,15,-26.7333333332544
70,7,25,tuning_curve,11313.7,15,107.800000000111
70,7,25,tuning_curve,16000,15,102.900000000204
70,7,25,tuning_curve,16000,15,114.200000000096
70,7,25,tuning_curve,22627.4,15,-42.0333333332792
70,7,25,tuning_curve,45254.8,15,-10.0666666666029
70,7,25,tuning_curve,64000,15,-16.5333333333137
40,7,25,tuning_curve,-1,16,10.8000000001311
40,7,25,tuning_curve,-1,16,68.2666666667728
40,7,25,tuning_curve,-1,16,136.133333333532
40,7,25,tuning_curve,1000,16,-28.066666666632
40,7,25,tuning_curve,1000,16,53.9999999999736
40,7,25,tuning_curve,1414.21,16,126.499999999965
40,7,25,tuning_curve,2000,16,3.73333333334358
40,7,25,tuning_curve,2000,16,97.066666666592
40,7,25,tuning_curve,2828.43,16,33.4000000001424
40,7,25,tuning_curve,2828.43,16,147.199999999998
40,7,25,tuning_curve,4000,16,106.466666666734
40,7,25,tuning_curve,4000,16,123.166666666634
40,7,25,tuning_curve,5656.85,16,12.2666666667328
40,7,25,tuning_curve,8000,16,10.9666666666044
40,7,25,tuning_curve,11313.7,16,51.3333333334458
40,7,25,tuning_curve,11313.7,16,95.133333333365
40,7,25,tuning_curve,11313.7,16,133.100000000127
40,7,25,tuning_curve,16000,16,-7.19999999989795
40,7,25,tuning_curve,16000,16,35.2666666666437
40,7,25,tuning_curve,16000,16,92.133333333436
40,7,25,tuning_curve,22627.4,16,128.366666666921
40,7,25,tuning_curve,32000,16,9.23333333332721
40,7,25,tuning_curve,45254.8,16,112.033333333216
40,7,25,tuning_curve,64000,16,-8.60000000000127
55,7,25,tuning_curve,-1,16,-5.56666666659567
55,7,25,tuning_curve,-1,16,48.7333333334163
55,7,25,tuning_curve,-1,16,79.7333333333654
55,7,25,tuning_curve,1000,16,139.866666666762
55,7,25,tuning_curve,1414.21,16,-6.96666666669898
55,7,25,tuning_curve,1414.21,16,93.1999999999107
55,7,25,tuning_curve,2000,16,67.3000000000457
55,7,25,tuning_curve,2828.43,16,-20.9333333333461
55,7,25,tuning_curve,2828.43,16,19.8999999998932
55,7,25,tuning_curve,4000,16,38.066666666623
55,7,25,tuning_curve,4000,16,141.299999999887
55,7,25,tuning_curve,5656.85,16,-28.3333333333076
55,7,25,tuning_curve,5656.85,16,142.600000000016
55,7,25,tuning_curve,8000,16,-40.5333333334283
55,7,25,tuning_curve,8000,16,64.4000000000915
55,7,25,tuning_curve,8000,16,65.7999999999674
55,7,25,tuning_curve,11313.7,16,7.96666666667534
55,7,25,tuning_curve,11313.7,16,123.133333333385
55,7,25,tuning_curve,22627.4,16,-19.3666666665422
55,7,25,tuning_curve,22627.4,16,29.5000000002119
55,7,25,tuning_curve,22627.4,16,141.700000000242
55,7,25,tuning_curve,32000,16,-9.79999999992742
55,7,25,tuning_curve,32000,16,146.466666666697
55,7,25,tuning_curve,45254.8,16,130.700000000047
70,7,25,tuning_curve,-1,16,47.4666666667645
70,7,25,tuning_curve,-1,16,75.9000000001606
70,7,25,tuning_curve,1000,16,57.0333333333792
70,7,25,tuning_curve,1414.21,16,27.9666666666571
70,7,25,tuning_curve,1414.21,16,143.333333333317
70,7,25,tuning_curve,2000,16,13.6666666666088
70,7,25,tuning_curve,2000,16,117.366666666726
70,7,25,tuning_curve,4000,16,129.266666666695
70,7,25,tuning_curve,5656.85,16,-11.4666666667063
70,7,25,tuning_curve,5656.85,16,85.4333333332988
70,7,25,tuning_curve,8000,16,-36.4333333333207
70,7,25,tuning_curve,8000,16,58.2000000000562
70,7,25,tuning_curve,8000,16,61.2000000002126
70,7,25,tuning_curve,8000,16,113.133333333394
70,7,25,tuning_curve,11313.7,16,-13.7666666665837
70,7,25,tuning_curve,11313.7,16,103.33333333358
70,7,25,tuning_curve,16000,16,3.26666666671827
70,7,25,tuning_curve,22627.4,16,-11.7666666664036
70,7,25,tuning_curve,32000,16,-38.066666666623
70,7,25,tuning_curve,45254.8,16,14.5666666668376
70,7,25,tuning_curve,64000,16,119.600000000105
40,7,25,tuning_curve,-1,17,130.933333333246
40,7,25,tuning_curve,1000,17,71.2333333334527
40,7,25,tuning_curve,1414.21,17,-17.9999999999154
40,7,25,tuning_curve,1414.21,17,86.9666666668536
40,7,25,tuning_curve,2000,17,-13.9333333332843
40,7,25,tuning_curve,2000,17,83.2666666666455
40,7,25,tuning_curve,2828.43,17,-17.3666666665895
40,7,25,tuning_curve,2828.43,17,83.7666666667474
40,7,25,tuning_curve,4000,17,-21.9333333333225
40,7,25,tuning_curve,4000,17,9.23333333355458
40,7,25,tuning_curve,4000,17,29.8333333333858
40,7,25,tuning_curve,4000,17,113.533333333521
40,7,25,tuning_curve,5656.85,17,-6.26666666664732
40,7,25,tuning_curve,5656.85,17,30.0666666668121
40,7,25,tuning_curve,5656.85,17,116.033333333348
40,7,25,tuning_curve,8000,17,-24.6999999998252
40,7,25,tuning_curve,8000,17,66.366666666795
40,7,25,tuning_curve,8000,17,129.766666666796
40,7,25,tuning_curve,11313.7,17,-23.0333333332737
40,7,25,tuning_curve,11313.7,17,14.9666666667372
40,7,25,tuning_curve,11313.7,17,119.566666666628
40,7,25,tuning_curve,16000,17,85.6333333332486
40,7,25,tuning_curve,16000,17,148.333333333198
40,7,25,tuning_curve,22627.4,17,-44.6000000000595
40,7,25,tuning_curve,22627.4,17,-28.9000000001352
40,7,25,tuning_curve,22627.4,17,5.49999999986994
40,7,25,tuning_curve,22627.4,17,93.9999999999372
40,7,25,tuning_curve,32000,17,56.7999999999529
40,7,25,tuning_curve,45254.8,17,-40.7333333331508
40,7,25,tuning_curve,45254.8,17,64.0666666669176
40,7,25,tuning_curve,64000,17,-29.1333333333341
55,7,25,tuning_curve,-1,17,125.033333333363
55,7,25,tuning_curve,-1,17,148.333333333426
55,7,25,tuning_curve,1000,17,-5.66666666657056
55,7,25,tuning_curve,1414.21,17,62.1333333334633
55,7,25,tuning_curve,2828.43,17,-35.4000000000951
55,7,25,tuning_curve,2828.43,17,142.099999999914
55,7,25,tuning_curve,4000,17,-39.8666666666259
55,7,25,tuning_curve,4000,17,33.4666666666408
55,7,25,tuning_curve,5656.85,17,97.7000000001453
55,7,25,tuning_curve,8000,17,139.56666666661
55,7,25,tuning_curve,11313.7,17,-48.8333333331639
55,7,25,tuning_curve,11313.7,17,-16.7999999999893
55,7,25,tuning_curve,16000,17,-32.2666666667146
55,7,25,tuning_curve,22627.4,17,-46.3000000000875
55,7,25,tuning_curve,22627.4,17,83.8999999999714
55,7,25,tuning_curve,22627.4,17,104.766666666706
55,7,25,tuning_curve,32000,17,-36.4666666665698
55,7,25,tuning_curve,64000,17,-40.9666666668045
55,7,25,tuning_curve,64000,17,125.533333333237
70,7,25,tuning_curve,-1,17,70.1666666667506
70,7,25,tuning_curve,-1,17,72.3666666666531
70,7,25,tuning_curve,1000,17,13.4999999999081
70,7,25,tuning_curve,1000,17,130.13333333322
70,7,25,tuning_curve,2828.43,17,23.7000000000762
70,7,25,tuning_curve,4000,17,-32.4999999999136
70,7,25,tuning_curve,4000,17,76.3666666667859
70,7,25,tuning_curve,5656.85,17,-22.6999999998725
70,7,25,tuning_curve,5656.85,17,55.2333333333763
70,7,25,tuning_curve,5656.85,17,125.033333333363
70,7,25,tuning_curve,8000,17,-10.2000000000544
70,7,25,tuning_curve,8000,17,83.0999999999449
70,7,25,tuning_curve,11313.7,17,-42.5999999998794
70,7,25,tuning_curve,11313.7,17,129.33333333342
70,7,25,tuning_curve,16000,17,-29.4999999997572
70,7,25,tuning_curve,22627.4,17,42.9333333332806
70,7,25,tuning_curve,22627.4,17,92.5666666665848
70,7,25,tuning_curve,22627.4,17,94.5000000000391
70,7,25,tuning_curve,45254.8,17,117.166666666549
40,7,25,tuning_curve,-1,18,31.6666666666379
40,7,25,tuning_curve,2000,18,24.5666666668285
40,7,25,tuning_curve,2000,18,149.000000000001
40,7,25,tuning_curve,2828.43,18,7.69999999999982
40,7,25,tuning_curve,5656.85,18,65.7333333334691
40,7,25,tuning_curve,8000,18,-10.7333333334054
40,7,25,tuning_curve,8000,18,130.833333333271
40,7,25,tuning_curve,22627.4,18,-18.7333333332163
40,7,25,tuning_curve,22627.4,18,75.6999999999834
40,7,25,tuning_curve,32000,18,24.0000000000009
40,7,25,tuning_curve,64000,18,-22.2999999999729
40,7,25,tuning_curve,64000,18,5.06666666672118
40,7,25,tuning_curve,64000,18,104.200000000105
40,7,25,tuning_curve,64000,18,142.533333333517
55,7,25,tuning_curve,-1,18,-5.06666666672118
55,7,25,tuning_curve,-1,18,136.066666666579
55,7,25,tuning_curve,1000,18,57.4000000000296
55,7,25,tuning_curve,1000,18,107.433333333233
55,7,25,tuning_curve,1414.21,18,-43.700000000058
55,7,25,tuning_curve,1414.21,18,12.9000000000588
55,7,25,tuning_curve,2000,18,46.3333333333367
55,7,25,tuning_curve,2000,18,111.133333333441
55,7,25,tuning_curve,2828.43,18,121.733333333282
55,7,25,tuning_curve,4000,18,47.4666666665371
55,7,25,tuning_curve,4000,18,125.666666666689
55,7,25,tuning_curve,4000,18,148.700000000076
55,7,25,tuning_curve,16000,18,16.5666666667903
55,7,25,tuning_curve,22627.4,18,143.633333333469
55,7,25,tuning_curve,32000,18,-32.0666666665375
55,7,25,tuning_curve,32000,18,149.033333333477
55,7,25,tuning_curve,45254.8,18,-19.0000000001191
55,7,25,tuning_curve,45254.8,18,148.8333333333
55,7,25,tuning_curve,64000,18,5.76666666677284
70,7,25,tuning_curve,-1,18,15.3666666666368
70,7,25,tuning_curve,-1,18,42.5333333333811
70,7,25,tuning_curve,1000,18,51.8666666667968
70,7,25,tuning_curve,1414.21,18,-47.4333333332879
70,7,25,tuning_curve,1414.21,18,-43.9999999997553
70,7,25,tuning_curve,1414.21,18,-12.6999999998816
70,7,25,tuning_curve,2000,18,41.9000000000551
70,7,25,tuning_curve,2000,18,103.500000000054
70,7,25,tuning_curve,2000,18,136.533333333432
70,7,25,tuning_curve,2828.43,18,-49.7333333333927
70,7,25,tuning_curve,2828.43,18,32.8666666667914
70,7,25,tuning_curve,2828.43,18,110.366666666664
70,7,25,tuning_curve,4000,18,-25.6333333333032
70,7,25,tuning_curve,5656.85,18,-1.06666666658839
70,7,25,tuning_curve,5656.85,18,40.066666666803
70,7,25,tuning_curve,8000,18,-26.366666666604
70,7,25,tuning_curve,11313.7,18,126.300000000015
70,7,25,tuning_curve,45254.8,18,84.8666666666986
70,7,25,tuning_curve,45254.8,18,139.099999999985
70,7,25,tuning_curve,64000,18,-43.6333333333323
40,7,25,tuning_curve,-1,19,7.86666666670044
40,7,25,tuning_curve,1414.21,19,118.333333333453
40,7,25,tuning_curve,2000,19,63.2666666666637
40,7,25,tuning_curve,2828.43,19,-19.4666666665171
40,7,25,tuning_curve,2828.43,19,114.966666666874
40,7,25,tuning_curve,4000,19,-25.0666666664756
40,7,25,tuning_curve,8000,19,-7.30000000010023
40,7,25,tuning_curve,11313.7,19,-29.2999999998074
40,7,25,tuning_curve,11313.7,19,83.7000000000216
40,7,25,tuning_curve,16000,19,-34.0999999999667
40,7,25,tuning_curve,16000,19,88.0333333335557
40,7,25,tuning_curve,22627.4,19,-44.6333333333087
40,7,25,tuning_curve,22627.4,19,76.2000000000853
40,7,25,tuning_curve,45254.8,19,19.7666666666692
40,7,25,tuning_curve,64000,19,24.5666666668285
55,7,25,tuning_curve,-1,19,82.3333333333949
55,7,25,tuning_curve,1000,19,-49.5666666666921
55,7,25,tuning_curve,1000,19,-33.6333333333414
55,7,25,tuning_curve,1000,19,84.7999999999729
55,7,25,tuning_curve,1414.21,19,130.399999999895
55,7,25,tuning_curve,2000,19,-18.6333333332414
55,7,25,tuning_curve,2000,19,51.1666666667452
55,7,25,tuning_curve,2828.43,19,135.700000000156
55,7,25,tuning_curve,4000,19,-7.36666666659858
55,7,25,tuning_curve,5656.85,19,65.5333333332919
55,7,25,tuning_curve,5656.85,19,94.7999999999638
55,7,25,tuning_curve,8000,19,55.0666666666757
55,7,25,tuning_curve,8000,19,58.4333333332552
55,7,25,tuning_curve,8000,19,107.100000000059
55,7,25,tuning_curve,16000,19,-18.2999999998401
55,7,25,tuning_curve,16000,19,107.800000000111
55,7,25,tuning_curve,32000,19,119.30000000018
55,7,25,tuning_curve,32000,19,140.63333333354
55,7,25,tuning_curve,45254.8,19,75.1333333333832
55,7,25,tuning_curve,45254.8,19,131.500000000074
55,7,25,tuning_curve,64000,19,-43.0999999999813
70,7,25,tuning_curve,-1,19,63.0666666667139
70,7,25,tuning_curve,-1,19,109.066666666763
70,7,25,tuning_curve,1000,19,80.2333333334673
70,7,25,tuning_curve,1414.21,19,-40.1000000000522
70,7,25,tuning_curve,1414.21,19,78.5666666666884
70,7,25,tuning_curve,2000,19,12.7666666666073
70,7,25,tuning_curve,2000,19,88.3000000000038
70,7,25,tuning_curve,2828.43,19,-20.733333333169
70,7,25,tuning_curve,2828.43,19,41.7333333335819
70,7,25,tuning_curve,4000,19,57.1666666668307
70,7,25,tuning_curve,5656.85,19,-23.2999999999493
70,7,25,tuning_curve,5656.85,19,2.30000000021846
70,7,25,tuning_curve,5656.85,19,103.700000000231
70,7,25,tuning_curve,8000,19,-29.4000000000096
70,7,25,tuning_curve,8000,19,105.46666666653
70,7,25,tuning_curve,11313.7,19,110.700000000065
70,7,25,tuning_curve,16000,19,-27.5666666667576
70,7,25,tuning_curve,16000,19,-7.36666666682595
70,7,25,tuning_curve,16000,19,109.199999999987
70,7,25,tuning_curve,22627.4,19,106.400000000008
70,7,25,tuning_curve,45254.8,19,-32.866666666564
70,7,25,tuning_curve,45254.8,19,57.6666666667052
70,7,25,tuning_curve,45254.8,19,144.36666666677
70,7,25,tuning_curve,64000,19,-38.6333333334505
70,7,25,tuning_curve,64000,19,34.4666666666171
70,7,25,tuning_curve,64000,19,112.366666666617
40,7,25,tuning_curve,-1,20,-33.8333333332912
40,7,25,tuning_curve,-1,20,3.73333333334358
40,7,25,tuning_curve,-1,20,118.766666666829
40,7,25,tuning_curve,1000,20,33.0666666667412
40,7,25,tuning_curve,1414.21,20,129.133333333471
40,7,25,tuning_curve,2828.43,20,30.6333333334123
40,7,25,tuning_curve,4000,20,-8.76666666670189
40,7,25,tuning_curve,4000,20,148.733333333325
40,7,25,tuning_curve,5656.85,20,-3.83333333331848
40,7,25,tuning_curve,8000,20,-32.3666666666895
40,7,25,tuning_curve,8000,20,71.7666666668038
40,7,25,tuning_curve,11313.7,20,79.6000000001413
40,7,25,tuning_curve,16000,20,-47.8999999999132
40,7,25,tuning_curve,16000,20,58.2666666665546
40,7,25,tuning_curve,16000,20,138.900000000035
40,7,25,tuning_curve,22627.4,20,-44.3000000001348
40,7,25,tuning_curve,22627.4,20,97.6333333331922
40,7,25,tuning_curve,32000,20,46.8999999999369
40,7,25,tuning_curve,32000,20,116.1666666668
40,7,25,tuning_curve,45254.8,20,31.5000000001646
40,7,25,tuning_curve,64000,20,14.1666666667106
40,7,25,tuning_curve,64000,20,116.7333333334
55,7,25,tuning_curve,-1,20,-0.433333333489827
55,7,25,tuning_curve,-1,20,59.4333333332315
55,7,25,tuning_curve,1000,20,64.7999999999911
55,7,25,tuning_curve,1000,20,132.033333333425
55,7,25,tuning_curve,1414.21,20,-28.4666666665316
55,7,25,tuning_curve,1414.21,20,37.7333333334491
55,7,25,tuning_curve,1414.21,20,69.9000000000751
55,7,25,tuning_curve,2000,20,-5.76666666654546
55,7,25,tuning_curve,2828.43,20,2.53333333341743
55,7,25,tuning_curve,4000,20,-5.83333333327118
55,7,25,tuning_curve,5656.85,20,71.5333333333774
55,7,25,tuning_curve,11313.7,20,139.466666666635
55,7,25,tuning_curve,11313.7,20,145.766666666646
55,7,25,tuning_curve,16000,20,68.5333333334484
55,7,25,tuning_curve,22627.4,20,-17.8999999999405
55,7,25,tuning_curve,32000,20,-7.06666666667388
55,7,25,tuning_curve,64000,20,20.8666666666204
70,7,25,tuning_curve,-1,20,-7.30000000010023
70,7,25,tuning_curve,-1,20,-4.36666666666952
70,7,25,tuning_curve,-1,20,6.16666666667243
70,7,25,tuning_curve,-1,20,47.8666666666641
70,7,25,tuning_curve,-1,20,55.1999999998998
70,7,25,tuning_curve,-1,20,63.9999999999645
70,7,25,tuning_curve,-1,20,131.600000000049
70,7,25,tuning_curve,1000,20,101.133333333451
70,7,25,tuning_curve,1414.21,20,86.2333333333254
70,7,25,tuning_curve,2000,20,59.9666666668099
70,7,25,tuning_curve,2000,20,83.3333333333712
70,7,25,tuning_curve,2828.43,20,8.06666666687761
70,7,25,tuning_curve,2828.43,20,102.566666666803
70,7,25,tuning_curve,4000,20,127.333333333468
70,7,25,tuning_curve,5656.85,20,102.333333333377
70,7,25,tuning_curve,8000,20,46.9333333334134
70,7,25,tuning_curve,8000,20,74.2666666668583
70,7,25,tuning_curve,11313.7,20,44.466666666608
70,7,25,tuning_curve,11313.7,20,114.33333333332
70,7,25,tuning_curve,16000,20,22.5666666666484
70,7,25,tuning_curve,16000,20,146.533333333196
70,7,25,tuning_curve,32000,20,-24.133333333225
70,7,25,tuning_curve,32000,20,77.1666666668125
70,7,25,tuning_curve,45254.8,20,-31.1666666667634
70,7,25,tuning_curve,45254.8,20,103.066666666678
70,7,25,tuning_curve,64000,20,-39.0333333333501
70,7,25,tuning_curve,64000,20,81.1999999999671
40,7,25,tuning_curve,-1,21,102.600000000052
40,7,25,tuning_curve,1000,21,15.9666666667135
40,7,25,tuning_curve,1000,21,99.3666666666968
40,7,25,tuning_curve,1000,21,139.299999999935
40,7,25,tuning_curve,1414.21,21,20.7666666666455
40,7,25,tuning_curve,1414.21,21,103.966666666679
40,7,25,tuning_curve,2000,21,149.433333333377
40,7,25,tuning_curve,2828.43,21,-8.89999999992597
40,7,25,tuning_curve,4000,21,-44.1666666666833
40,7,25,tuning_curve,4000,21,96.4999999999918
40,7,25,tuning_curve,5656.85,21,24.133333333225
40,7,25,tuning_curve,8000,21,7.90000000017699
40,7,25,tuning_curve,16000,21,23.7000000000762
40,7,25,tuning_curve,16000,21,80.7333333333418
40,7,25,tuning_curve,22627.4,21,40.6333333331759
40,7,25,tuning_curve,22627.4,21,55.2333333333763
40,7,25,tuning_curve,22627.4,21,76.6333333332341
40,7,25,tuning_curve,32000,21,-14.7333333333108
40,7,25,tuning_curve,45254.8,21,11.7333333333818
40,7,25,tuning_curve,64000,21,-26.1999999999034
40,7,25,tuning_curve,64000,21,72.8000000002567
55,7,25,tuning_curve,-1,21,61.3333333334367
55,7,25,tuning_curve,1000,21,41.9000000000551
55,7,25,tuning_curve,1414.21,21,45.099999999934
55,7,25,tuning_curve,2000,21,-33.6333333333414
55,7,25,tuning_curve,2828.43,21,-8.93333333317514
55,7,25,tuning_curve,2828.43,21,70.6000000001268
55,7,25,tuning_curve,2828.43,21,139.633333333336
55,7,25,tuning_curve,4000,21,-35.8333333332439
55,7,25,tuning_curve,4000,21,138.033333333283
55,7,25,tuning_curve,5656.85,21,-10.599999999954
55,7,25,tuning_curve,5656.85,21,148.400000000152
55,7,25,tuning_curve,8000,21,-20.4333333332443
55,7,25,tuning_curve,8000,21,70.8000000000766
55,7,25,tuning_curve,8000,21,90.1333333332559
55,7,25,tuning_curve,11313.7,21,17.6666666667415
55,7,25,tuning_curve,11313.7,21,86.4333333332752
55,7,25,tuning_curve,16000,21,34.3333333331657
55,7,25,tuning_curve,16000,21,135.466666666503
55,7,25,tuning_curve,22627.4,21,14.533333333361
55,7,25,tuning_curve,32000,21,-20.900000000097
55,7,25,tuning_curve,32000,21,109.433333333186
55,7,25,tuning_curve,45254.8,21,5.53333333334649
55,7,25,tuning_curve,45254.8,21,52.0666666667466
55,7,25,tuning_curve,45254.8,21,138.766666666811
55,7,25,tuning_curve,64000,21,20.3000000000202
55,7,25,tuning_curve,64000,21,101.800000000026
70,7,25,tuning_curve,-1,21,83.3666666666204
70,7,25,tuning_curve,1000,21,117.399999999975
70,7,25,tuning_curve,2000,21,-37.0666666666466
70,7,25,tuning_curve,2000,21,97.5333333332173
70,7,25,tuning_curve,2828.43,21,8.93333333340252
70,7,25,tuning_curve,2828.43,21,143.966666666643
70,7,25,tuning_curve,4000,21,40.9666666668045
70,7,25,tuning_curve,8000,21,72.0333333332519
70,7,25,tuning_curve,11313.7,21,55.5666666667776
70,7,25,tuning_curve,22627.4,21,14.8333333332857
70,7,25,tuning_curve,32000,21,107.499999999959
70,7,25,tuning_curve,45254.8,21,24.2333333331999
70,7,25,tuning_curve,64000,21,0.733333333414521
70,7,25,tuning_curve,64000,21,104.966666666655
40,7,25,tuning_curve,-1,22,132.600000000025
40,7,25,tuning_curve,1000,22,-31.9333333333134
40,7,25,tuning_curve,1000,22,32.0000000000391
40,7,25,tuning_curve,1000,22,65.6999999999925
40,7,25,tuning_curve,1414.21,22,83.933333333448
40,7,25,tuning_curve,2828.43,22,119.433333333404
40,7,25,tuning_curve,4000,22,39.3666666667514
40,7,25,tuning_curve,5656.85,22,3.26666666671827
40,7,25,tuning_curve,5656.85,22,137.366666666708
40,7,25,tuning_curve,8000,22,-42.7333333333308
40,7,25,tuning_curve,8000,22,138.500000000136
40,7,25,tuning_curve,11313.7,22,132.733333333249
40,7,25,tuning_curve,11313.7,22,140.333333333388
40,7,25,tuning_curve,16000,22,99.166666666747
40,7,25,tuning_curve,22627.4,22,-0.0999999998612111
40,7,25,tuning_curve,22627.4,22,30.2333333335127
40,7,25,tuning_curve,22627.4,22,117.233333333502
40,7,25,tuning_curve,32000,22,-17.5000000000409
40,7,25,tuning_curve,45254.8,22,-5.86666666674773
40,7,25,tuning_curve,45254.8,22,14.533333333361
40,7,25,tuning_curve,45254.8,22,149.066666666727
40,7,25,tuning_curve,64000,22,34.3666666666422
40,7,25,tuning_curve,64000,22,124.900000000139
55,7,25,tuning_curve,-1,22,82.7333333335218
55,7,25,tuning_curve,1000,22,13.466666666659
55,7,25,tuning_curve,1414.21,22,-21.5333333334229
55,7,25,tuning_curve,1414.21,22,89.4333333332042
55,7,25,tuning_curve,2000,22,5.93333333347346
55,7,25,tuning_curve,2000,22,96.7333333334182
55,7,25,tuning_curve,2828.43,22,27.533333333281
55,7,25,tuning_curve,2828.43,22,126.56666666669
55,7,25,tuning_curve,4000,22,28.0333333333829
55,7,25,tuning_curve,4000,22,138.666666666609
55,7,25,tuning_curve,5656.85,22,17.7333333334673
55,7,25,tuning_curve,5656.85,22,143.500000000017
55,7,25,tuning_curve,8000,22,-23.4666666664225
55,7,25,tuning_curve,8000,22,149.866666666753
55,7,25,tuning_curve,11313.7,22,-47.4000000000387
55,7,25,tuning_curve,11313.7,22,56.7333333332272
55,7,25,tuning_curve,11313.7,22,102.033333333225
55,7,25,tuning_curve,16000,22,2.13333333351784
55,7,25,tuning_curve,22627.4,22,-8.83333333342762
55,7,25,tuning_curve,22627.4,22,108.666666666636
55,7,25,tuning_curve,45254.8,22,-38.6999999999489
55,7,25,tuning_curve,45254.8,22,10.6333333332032
55,7,25,tuning_curve,45254.8,22,117.333333333249
55,7,25,tuning_curve,64000,22,-36.9666666666717
55,7,25,tuning_curve,64000,22,8.29999999984921
55,7,25,tuning_curve,64000,22,44.1333333332068
70,7,25,tuning_curve,-1,22,45.400000000086
70,7,25,tuning_curve,1000,22,-47.0666666666375
70,7,25,tuning_curve,1000,22,-17.0333333334156
70,7,25,tuning_curve,1000,22,8.13333333337596
70,7,25,tuning_curve,1000,22,96.0999999998648
70,7,25,tuning_curve,1414.21,22,-19.0333333331409
70,7,25,tuning_curve,1414.21,22,50.733333333369
70,7,25,tuning_curve,1414.21,22,110.333333333415
70,7,25,tuning_curve,2000,22,70.1666666667506
70,7,25,tuning_curve,2828.43,22,23.9666666665244
70,7,25,tuning_curve,2828.43,22,113.299999999867
70,7,25,tuning_curve,4000,22,-5.43333333314422
70,7,25,tuning_curve,5656.85,22,-21.9000000000733
70,7,25,tuning_curve,5656.85,22,73.099999999954
70,7,25,tuning_curve,8000,22,0.899999999887768
70,7,25,tuning_curve,11313.7,22,95.2000000000908
70,7,25,tuning_curve,16000,22,-16.9999999999391
70,7,25,tuning_curve,16000,22,53.3666666666477
70,7,25,tuning_curve,22627.4,22,-14.6666666665851
70,7,25,tuning_curve,45254.8,22,89.4333333334316
70,7,25,tuning_curve,64000,22,-6.56666666657202
40,7,25,tuning_curve,-1,23,-47.5999999999885
40,7,25,tuning_curve,-1,23,45.8666666667114
40,7,25,tuning_curve,-1,23,117.566666666676
40,7,25,tuning_curve,1000,23,28.6666666667088
40,7,25,tuning_curve,2000,23,44.6000000000595
40,7,25,tuning_curve,2828.43,23,-30.7333333333872
40,7,25,tuning_curve,4000,23,-44.5000000000846
40,7,25,tuning_curve,4000,23,-2.90000000006785
40,7,25,tuning_curve,4000,23,56.8999999999278
40,7,25,tuning_curve,4000,23,139.133333333234
40,7,25,tuning_curve,5656.85,23,77.1666666668125
40,7,25,tuning_curve,8000,23,28.3666666667841
40,7,25,tuning_curve,8000,23,52.4666666666462
40,7,25,tuning_curve,11313.7,23,30.3333333334876
40,7,25,tuning_curve,16000,23,-48.1999999998379
40,7,25,tuning_curve,16000,23,-33.0000000000155
40,7,25,tuning_curve,22627.4,23,-37.2333333333472
40,7,25,tuning_curve,45254.8,23,-32.0666666665375
40,7,25,tuning_curve,64000,23,59.4999999999573
55,7,25,tuning_curve,-1,23,16.6000000000395
55,7,25,tuning_curve,-1,23,100.499999999897
55,7,25,tuning_curve,1414.21,23,-15.933333333237
55,7,25,tuning_curve,1414.21,23,19.4666666667445
55,7,25,tuning_curve,2000,23,5.83333333349856
55,7,25,tuning_curve,2000,23,132.1333333334
55,7,25,tuning_curve,2828.43,23,96.5666666667175
55,7,25,tuning_curve,2828.43,23,134.800000000155
55,7,25,tuning_curve,2828.43,23,148.600000000101
55,7,25,tuning_curve,4000,23,27.4333333333061
55,7,25,tuning_curve,4000,23,54.2333333334
55,7,25,tuning_curve,5656.85,23,121.133333333432
55,7,25,tuning_curve,8000,23,-45.9333333334371
55,7,25,tuning_curve,8000,23,100.933333333273
55,7,25,tuning_curve,16000,23,-16.5666666665629
55,7,25,tuning_curve,16000,23,113.833333333446
55,7,25,tuning_curve,22627.4,23,8.96666666665169
55,7,25,tuning_curve,22627.4,23,91.7000000000598
55,7,25,tuning_curve,32000,23,-28.2000000000835
55,7,25,tuning_curve,32000,23,76.5666666665084
55,7,25,tuning_curve,45254.8,23,43.5666666666066
55,7,25,tuning_curve,45254.8,23,138.000000000034
55,7,25,tuning_curve,45254.8,23,139.900000000011
55,7,25,tuning_curve,64000,23,35.366666666846
55,7,25,tuning_curve,64000,23,143.000000000143
70,7,25,tuning_curve,-1,23,16.6666666667652
70,7,25,tuning_curve,-1,23,68.5000000001992
70,7,25,tuning_curve,-1,23,133.100000000127
70,7,25,tuning_curve,1000,23,5.30000000014752
70,7,25,tuning_curve,1000,23,123.100000000136
70,7,25,tuning_curve,1414.21,23,81.9333333334953
70,7,25,tuning_curve,2000,23,-45.099999999934
70,7,25,tuning_curve,2000,23,4.76666666679648
70,7,25,tuning_curve,2000,23,100.033333333272
70,7,25,tuning_curve,2000,23,149.066666666727
70,7,25,tuning_curve,2828.43,23,22.9000000000497
70,7,25,tuning_curve,2828.43,23,131.166666666672
70,7,25,tuning_curve,4000,23,22.600000000125
70,7,25,tuning_curve,4000,23,130.000000000223
70,7,25,tuning_curve,5656.85,23,-49.4999999999663
70,7,25,tuning_curve,5656.85,23,147.666666666851
70,7,25,tuning_curve,11313.7,23,27.6333333332559
70,7,25,tuning_curve,16000,23,78.1000000000631
70,7,25,tuning_curve,22627.4,23,121.566666666808
70,7,25,tuning_curve,32000,23,51.8000000000711
70,7,25,tuning_curve,32000,23,64.6000000000413
70,7,25,tuning_curve,45254.8,23,7.06666666690126
70,7,25,tuning_curve,45254.8,23,63.6666666667907
70,7,25,tuning_curve,64000,23,34.2333333334182
70,7,25,tuning_curve,64000,23,144.16666666682
40,7,25,tuning_curve,2000,24,130.233333333422
40,7,25,tuning_curve,2828.43,24,-37.5999999999976
40,7,25,tuning_curve,2828.43,24,38.9666666666244
40,7,25,tuning_curve,4000,24,71.8666666665513
40,7,25,tuning_curve,5656.85,24,-34.2333333331908
40,7,25,tuning_curve,11313.7,24,52.6000000000977
40,7,25,tuning_curve,16000,24,0.433333333262453
40,7,25,tuning_curve,16000,24,142.33333333334
40,7,25,tuning_curve,32000,24,90.1000000000067
40,7,25,tuning_curve,45254.8,24,135.100000000079
40,7,25,tuning_curve,64000,24,-41.9666666665535
40,7,25,tuning_curve,64000,24,92.8333333334876
40,7,25,tuning_curve,64000,24,124.000000000137
55,7,25,tuning_curve,-1,24,17.266666666842
55,7,25,tuning_curve,-1,24,32.7666666668165
55,7,25,tuning_curve,-1,24,116.466666666724
55,7,25,tuning_curve,1000,24,-33.4666666666408
55,7,25,tuning_curve,1000,24,84.5666666667739
55,7,25,tuning_curve,1414.21,24,-11.5999999999303
55,7,25,tuning_curve,1414.21,24,109.366666666915
55,7,25,tuning_curve,2000,24,6.53333333355022
55,7,25,tuning_curve,2828.43,24,-10.2333333333036
55,7,25,tuning_curve,5656.85,24,47.8000000001657
55,7,25,tuning_curve,5656.85,24,104.30000000008
55,7,25,tuning_curve,8000,24,-48.4999999997626
55,7,25,tuning_curve,8000,24,124.366666666788
55,7,25,tuning_curve,8000,24,147.266666666724
55,7,25,tuning_curve,16000,24,139.900000000239
55,7,25,tuning_curve,22627.4,24,29.866666666635
55,7,25,tuning_curve,22627.4,24,81.3333333334185
55,7,25,tuning_curve,22627.4,24,119.299999999953
55,7,25,tuning_curve,45254.8,24,-0.666666666688798
55,7,25,tuning_curve,45254.8,24,139.166666666711
55,7,25,tuning_curve,64000,24,67.1666666668216
70,7,25,tuning_curve,-1,24,-24.0333333332501
70,7,25,tuning_curve,-1,24,22.9666666667754
70,7,25,tuning_curve,-1,24,52.0333333334975
70,7,25,tuning_curve,-1,24,56.0666666666521
70,7,25,tuning_curve,-1,24,114.866666666671
70,7,25,tuning_curve,1000,24,-36.8666666664694
70,7,25,tuning_curve,1414.21,24,-10.8666666666295
70,7,25,tuning_curve,2828.43,24,35.7000000000198
70,7,25,tuning_curve,2828.43,24,107.000000000085
70,7,25,tuning_curve,4000,24,-25.8999999999787
70,7,25,tuning_curve,4000,24,98.2333333334964
70,7,25,tuning_curve,11313.7,24,-38.833333333173
70,7,25,tuning_curve,16000,24,-5.43333333314422
70,7,25,tuning_curve,22627.4,24,-1.8333333331384
70,7,25,tuning_curve,22627.4,24,11.8666666668332
70,7,25,tuning_curve,22627.4,24,41.7333333333545
70,7,25,tuning_curve,45254.8,24,94.8999999999387
70,7,25,tuning_curve,45254.8,24,139.933333333261
70,7,25,tuning_curve,64000,24,65.4000000000678
40,7,25,tuning_curve,1414.21,25,15.7666666667637
40,7,25,tuning_curve,1414.21,25,63.0666666667139
40,7,25,tuning_curve,2828.43,25,114.033333333396
40,7,25,tuning_curve,11313.7,25,10.5333333334556
40,7,25,tuning_curve,16000,25,-49.0999999998394
40,7,25,tuning_curve,32000,25,99.6333333333723
55,7,25,tuning_curve,-1,25,54.7000000002527
55,7,25,tuning_curve,1000,25,43.399999999906
55,7,25,tuning_curve,1000,25,122.666666666532
55,7,25,tuning_curve,1414.21,25,-14.9999999999864
55,7,25,tuning_curve,1414.21,25,14.8000000000366
55,7,25,tuning_curve,2000,25,-12.299999999982
55,7,25,tuning_curve,2000,25,75.5333333335102
55,7,25,tuning_curve,2000,25,97.7000000001453
55,7,25,tuning_curve,4000,25,62.0999999999867
55,7,25,tuning_curve,5656.85,25,21.2000000000216
55,7,25,tuning_curve,16000,25,45.8999999999605
55,7,25,tuning_curve,16000,25,64.26666666664
55,7,25,tuning_curve,32000,25,12.2666666667328
55,7,25,tuning_curve,45254.8,25,-1.26666666653819
55,7,25,tuning_curve,45254.8,25,83.4333333335735
55,7,25,tuning_curve,64000,25,-49.5999999999412
55,7,25,tuning_curve,64000,25,103.199999999902
55,7,25,tuning_curve,64000,25,121.466666666606
70,7,25,tuning_curve,1000,25,121.300000000133
70,7,25,tuning_curve,1414.21,25,-2.39999999996598
70,7,25,tuning_curve,1414.21,25,95.1000000001159
70,7,25,tuning_curve,2000,25,34.5333333333429
70,7,25,tuning_curve,2828.43,25,-43.1333333332304
70,7,25,tuning_curve,2828.43,25,-17.6999999997633
70,7,25,tuning_curve,2828.43,25,13.7333333335619
70,7,25,tuning_curve,2828.43,25,103.266666666855
70,7,25,tuning_curve,2828.43,25,126.833333333366
70,7,25,tuning_curve,16000,25,47.4333333332879
70,7,25,tuning_curve,32000,25,5.2333333334218
70,7,25,tuning_curve,45254.8,25,13.7333333333345
70,7,25,tuning_curve,45254.8,25,20.3000000000202
70,7,25,tuning_curve,45254.8,25,84.2333333333727
70,7,25,tuning_curve,64000,25,82.1666666666943
40,7,25,tuning_curve,4000,26,44.0333333332319
40,7,25,tuning_curve,16000,26,-31.2999999999874
40,7,25,tuning_curve,16000,26,74.8333333332312
40,7,25,tuning_curve,32000,26,-47.0666666667512
40,7,25,tuning_curve,32000,26,78.899999999976
55,7,25,tuning_curve,4000,26,-25.066666666703
55,7,25,tuning_curve,4000,26,80.4666666666662
55,7,25,tuning_curve,11313.7,26,32.633333333365
55,7,25,tuning_curve,32000,26,-34.2333333334182
55,7,25,tuning_curve,32000,26,24.1999999999507
55,7,25,tuning_curve,32000,26,103.133333333176
70,7,25,tuning_curve,1000,26,-31.9000000000642
70,7,25,tuning_curve,1000,26,90.8666666665567
70,7,25,tuning_curve,32000,26,-41.0999999998012
70,7,25,tuning_curve,32000,26,8.63333333347782
